Barrio2	2016	Grand Total
ZONA INDUSTRIAL MONTEVIDEO	1	1
ZONA INDUSTRIAL LAS GRANJAS	4	4
ZONA INDUSTRIAL LA GRANJA	5	5
ZONA INDUSTRIAL EL DORADO	1	1
ZARZAMORA	3	3
YOMASITA	1	1
VOTO NACIONAL	17	17
VITELMA	2	2
VISTA HERMOSA SECTOR EL CAPRI	1	1
VISTA HERMOSA	6	6
VISTA BELLA	1	1
VISION DE COLOMBIA	2	2
VILLEMAR CENTRAL	2	2
VILLEMAR	11	11
VILLAS DEL RINCÓN	1	1
VILLAS DEL MADRIGAL	1	1
VILLAS DEL DORADO	4	4
VILLAS DE GRANADA	26	26
VILLAS DE BOLÍVAR	2	2
VILLAS DE ARANJUEZ	2	2
VILLA ZARZAMORA	1	1
VILLA XIMENA	2	2
VILLA TERESITA	1	1
VILLA SUAITA	3	3
VILLA SONIA II SECTOR	1	1
VILLA ROSITA	2	2
VILLA NUEVA	1	1
VILLA NELLY	10	10
VILLA MAYOR LA NUEVA	1	1
VILLA MAYOR	25	25
VILLA MARIA I	8	8
VILLA MAGDALA	3	3
VILLA LUZ	8	8
VILLA LATORRE	1	1
VILLA JAVIER	2	2
VILLA JACQUI	1	1
VILLA HERMOSA	3	3
VILLA GLORIA I	1	1
VILLA GLORIA	4	4
VILLA GLADYS	1	1
VILLA GLADIS	5	5
VILLA EMMA	3	3
VILLA ELISA	8	8
VILLA DIANA	1	1
VILLA DEL ROSARIO	2	2
VILLA DEL RIO	16	16
VILLA DEL RINCON	9	9
VILLA DEL PRADO NVA	1	1
VILLA DEL PRADO	20	20
VILLA DEL MAR	1	1
VILLA DE LOS COMUNEROS	1	1
VILLA DE LOS ALPES	11	11
VILLA DE LA TORRE	2	2
VILLA DE LA LOMA	7	7
VILLA CRISTINA	1	1
VILLA CLAUDIA	8	8
VILLA CINDY	2	2
VILLA CARMENZA	1	1
VILLA ANNY	1	1
VILLA ANITA SUR	1	1
VILLA ANITA	1	1
VILLA ANDREA	1	1
VILLA ANDINA	1	1
VILLA AMALIA	2	2
VILLA ALSACIA SECTOR A	1	1
VILLA ALSACIA	9	9
VILLA ALEXANDRA	1	1
VILLA ALEMANIA	2	2
VILLA ALBANIA	2	2
VILLA ADRIANA	1	1
VICTORIA	1	1
VERSALLES	8	8
VERONA	1	1
VERGEL	1	1
VEREDA TORCA	1	1
VEREDA SAN JOSE	2	2
VEREDA MONSERRATE	2	2
VEREDA EL OLARTE	1	1
VERBENAL I	1	1
VERBENAL	26	26
VERAGUAS CENTRAL IV SECTOR	3	3
VERAGUAS	9	9
VERACRUZ	26	26
VENEZUELA	1	1
VENECIA	38	38
VELODROMO	3	3
VEINTE DE JULIO	96	96
VEGAS DE SANTANA	1	1
VALLES DE CAFAN	5	5
VALLADOLID	2	2
VALBANERA	6	6
USMINIA DESARROLLO	3	3
USATAMA	4	4
URB. ZONA INDUSTRIAL	1	1
URB. ZARAZOTA 1	1	1
URB. VISION DE COLOMBIA	1	1
URB. VIRREY SOLÍS	1	1
URB. VILLAS DEL MEDITERRÁNEO	2	2
URB. VILLAS DE ANDALUCÍA	1	1
URB. VILLA SONIA	1	1
URB. VILLA INÉS	1	1
URB. VILLA ELISA	2	2
URB. VILLA DEL RÍO	3	3
URB. VERAGUAS	2	2
URB. URBANA QUIROGA	6	6
URB. UNIR I	1	1
URB. TOBERIN	6	6
URB. TIMIZA	14	14
URB. TIERRA LINDA	8	8
URB. TIBANA	1	1
URB. SOCIEGO NORTE	1	1
URB. SANTANDER	12	12
URB. SANTA RITA II SECTOR	1	1
URB. SANTA RITA I SECTOR	7	7
URB. SANTA PAULA	1	1
URB. SANTA MARGARITA	3	3
URB. SANTA FEREÑA	3	3
URB. SANTA ANA	2	2
URB. SAN RAFAEL OBRERO	1	1
URB. SAN PATRICIO	8	8
URB. SAN MIGUEL	1	1
URB. SAN FRANCISCO	36	36
URB. SAN EUSEBIO	1	1
URB. SAN CIPRIANO	4	4
URB. SAN CARLOS	6	6
URB. ROMERO CONTI	2	2
URB. RIONEGRO	7	7
URB. RINCONCITO	13	13
URB. PUENTE ARANDA	10	10
URB. PORTAL DEL MOCHUELO	1	1
URB. PONTEVEDRA I SECTOR	12	12
URB. PINOS DE LOMBARDIA	2	2
URB. PATIO BONITO II SECTOR	1	1
URB. PASTRANA	1	1
URB. PASADENA	6	6
URB. PALENQUE	17	17
URB. OASIS DE SAN JORGE	1	1
URB. NUEVA ZELANDIA	5	5
URB. NUEVA MARSELLA I SECTOR	5	5
URB. NUEVA AUTOPISTA	5	5
URB. NARIÑO	1	1
URB. MONTES II SECTOR	1	1
URB. MONTES I SECTOR	4	4
URB. MIRANDELA	13	13
URB. MAZUREN I SECTOR	25	25
URB. MARSELLA	31	31
URB. MARRUECOS	7	7
URB. MARANTA I - II - III SECTOR	1	1
URB. MADELENA I Y II SECTOR	15	15
URB. LOS MOLINOS	4	4
URB. LOS HEROES	1	1
URB. LOS EJIDOS	4	4
URB. LOS COMUNEROS	2	2
URB. LOS CEDRITOS	1	1
URB. LAS QUINTAS DEL SUR	3	3
URB. LAS LOMAS	10	10
URB. LAGUNETA	2	2
URB. LAGO TIMIZA I ETAPA	2	2
URB. LA TRINITARIA	1	1
URB. LA SOLEDAD	1	1
URB. LA SABANA DE TIBABUYES	3	3
URB. LA PUERTA DEL SOL	2	2
URB. LA PRIMAVERA	1	1
URB. LA GUACA	1	1
URB. LA FRAGUITA	3	3
URB. LA FONTANA	3	3
URB. LA CORUÑA	5	5
URB. LA COLINA CAMPESTRE I SECTOR	11	11
URB. LA CHUCUA	1	1
URB. LA CASTELLANA	1	1
URB. LA CAMPIÑA I SECTOR	2	2
URB. LA ASUNCIÓN	5	5
URB. LA ALQUERÍA	14	14
URB. ISLANDIA	1	1
URB. INDUSTRIAL PUENTE ARANDA	4	4
URB. INDUSTRIAL PENSILVANIA	16	16
URB. HORACIO ORJUELA	1	1
URB. GUACAMAYAS	1	1
URB. GRANJAS DE SAN PABLO	6	6
URB. GALICIA	4	4
URB. FUCHA Y SOCIEGO	1	1
URB. FRANCISCO JOSÉ DE CALDAS	1	1
URB. ELTEJAR	5	5
URB. EL VIRREY	5	5
URB. EL TUNAL	2	2
URB. EL SOL	1	1
URB. EL RETIRO	1	1
URB. EL REMANSO	5	5
URB. EL REDIL II ETAPA	3	3
URB. EL PEÑÓN DEL CORTIJO	2	2
URB. EL ESTORIL	2	2
URB. EL BATAN	5	5
URB. EL BATAM II SECTOR	1	1
URB. EL ALMENAR	3	3
URB. COSTA BELLA	1	1
URB. COSTA AZUL I Y II ETAPA	8	8
URB. CONTADOR	1	1
URB. COMPARTIR	10	10
URB. CLARET EL CARMEN	8	8
URB. CLARELANDIA DEL SUR	1	1
URB. CIUDADELA CAFAM	1	1
URB. CIUDAD TECHO II	2	2
URB. CIUDAD DE KENNEDY ORIENTAL	1	1
URB. CHUCUA III SECTOR	2	2
URB. CERROS DE ORIENTE II SECTOR	1	1
URB. CENTRO NARIÑO	4	4
URB. CENTRO INDUSTRIAL	6	6
URB. CEDRO NARVAEZ	1	1
URB. CEDRITOS	2	2
URB. CATALUÑA	1	1
URB. CATALINA	1	1
URB. CASTILLA	3	3
URB. CASA LINDA	7	7
URB. CARLOS ALBAN HOLGUIN	1	1
URB. CARIMAGUA I SECTOR	5	5
URB. CARACAS	2	2
URB. CARABELAS	2	2
URB. CAPRI I SECTOR	1	1
URB. CANODROMO	2	2
URB. BODEGAS DE FONTIBÓN	1	1
URB. BOCHICA	1	1
URB. BETANIA	1	1
URB. BELMIRA	2	2
URB. BARRANQUILLITA	7	7
URB. BABILONIA	7	7
URB. AYUELOS I ETAPA	1	1
URB. AVENIDA BARRANQUILLA	1	1
URB. ALBACETE	1	1
URB. ALAMEDA DE SAN ANTONIO	1	1
URB. 7 DE AGOSTO	3	3
URB MIRANDELA	5	5
URB AMERICAS RESERV	1	1
UNIVERSIDAD NACIONAL	1	1
UNIR I	1	1
UNIDAD RESIDENCIAL AYACUCHO	1	1
UNICENTRO	18	18
TURINGIA	5	5
TURINGA SUBA	4	4
TUNJUELITO	29	29
TUNALITO	22	22
TUNA BAJA	2	2
TUNA ALTA	1	1
TRIANGULO	2	2
TRES ESQUINAS	1	1
TORRES BLANCAS	6	6
TORREMOLINOS	1	1
TORCOROMA	2	2
TORCA GÓNGORA	3	3
TOCAREMA	1	1
TOCAIMITA SUR	1	1
TOBERIN ORIENTAL	31	31
TISQUESUSA	4	4
TINTALITO	13	13
TINTALA	2	2
TINTAL	25	25
TIMIZA LOTE RA -1 TONOLI I IV	1	1
TIMIZA CÉLULA A LOTE RA-2	12	12
TICOSA	1	1
TIBABUYES II SECTOR	1	1
TIBABUYES	9	9
TIBABITA	5	5
TEUSAQUILLO	90	90
TEUSACA I - II SECTOR	1	1
TERMINAL SATELITE DEL SUR	1	1
TERMINAL	4	4
TEQUENDAMA	5	5
TENERIFE	4	4
TEJARES DEL NORTE	1	1
TEJAR DEL ONTARIO	1	1
TECHO	30	30
TALAVERA	1	1
TABORA	2	2
TABERIN	1	1
SURAMERICA	5	5
SUCRE	29	29
SUBATA	1	1
SUBA URBANO	5	5
SUBA CENTRO	35	35
SOTAVENTO	3	3
SOLEDAD NORTE	1	1
SOCORRO III SECTOR	1	1
SOCIEGO SUR	13	13
SOCIEGO	14	14
SINAY	1	1
SIMON BOLIVAR	10	10
SIERRAS DEL CHICO	1	1
SIERRA MORENA	10	10
SIDAUTO	1	1
SERRANÍAS	1	1
SERENA	6	6
SERAFINA	10	10
SENA	1	1
SECTOR COLINAGRO ISMAEL PERDOMO	1	1
SAUSALITO	2	2
SANTIAGO PÉREZ	3	3
SANTIAGO III	1	1
SANTIAGO DE LAS ATALAYAS	3	3
SANTANDERCITO	2	2
SANTANDER	7	7
SANTAFÉ III SECTOR	1	1
SANTA TERESITA	19	19
SANTA TERESA	10	10
SANTA SOFIA	9	9
SANTA ROSITA CAFAM	1	1
SANTA ROSITA	3	3
SANTA ROSA	1	1
SANTA RITA SUR ORIENTAL II SECTOR	1	1
SANTA RITA	6	6
SANTA MONICA	3	3
SANTA MATILDE I SECTOR	20	20
SANTA MARTHA	5	5
SANTA MARTA II SECTOR	2	2
SANTA MARIA DEL LAGO	12	12
SANTA LUCIA SUR	1	1
SANTA LUCIA	24	24
SANTA LIBRADA SALAZAR SALAZAR	1	1
SANTA LIBRADA	17	17
SANTA ISABEL SUR	2	2
SANTA ISABEL OCCIDENTAL	1	1
SANTA ISABEL I SECTOR URB.	1	1
SANTA ISABEL DEL RESTREPO	1	1
SANTA ISABEL	18	18
SANTA INES	26	26
SANTA HELENITA	11	11
SANTA HELENA	2	2
SANTA FE	38	38
SANTA ELISA	1	1
SANTA CECILIA I	1	1
SANTA CECILIA	9	9
SANTA CATALINA	6	6
SANTA BIBIANA	9	9
SANTA BARBARA NORTE	2	2
SANTA BARBARA CENTRAL	26	26
SANTA BÁRBARA	6	6
SANTA BARBARA	38	38
SANTA ANA SUR	4	4
SANTA ANA ORIENTAL	6	6
SANTA ANA OCCIDENTAL	1	1
SANTA ANA	4	4
SAN VICTORINO	51	51
SAN VICENTE FERRER	23	23
SAN VICENTE	4	4
SAN RAFAEL INDUSTRIAL	5	5
SAN RAFAEL	2	2
SAN PEDRO DE TIBABUYES	1	1
SAN PEDRO	14	14
SAN PABLO JERICÓ	1	1
SAN PABLO II SECTOR	1	1
SAN PABLO II	1	1
SAN PABLO I	2	2
SAN PABLO	12	12
SAN MIGUEL	3	3
SAN MARTIN DE PORRES	1	1
SAN MARTÍN DE LOBA SUR	1	1
SAN MARTIN DE LOBA	3	3
SAN MARTÍN	1	1
SAN MARTIN	14	14
SAN MARCOS	4	4
SAN MANUEL	2	2
SAN LUIS VIA LA CALERA	1	1
SAN LUIS SECTOR ORIENTAL	1	1
SAN LUIS 20 DE JULIO	6	6
SAN LUIS	29	29
SAN JUSTINO	1	1
SAN JUAN BAUTISTA	2	2
SAN JOSÉ SUR	18	18
SAN JOSE SPRING	5	5
SAN JOSE ORIENTAL	3	3
SAN JOSÉ II SECTOR A	1	1
SAN JOSÉ DEL PRADO	2	2
SAN JOSÉ DE FONTIBÓN	3	3
SAN JOSE DE BAVARIA	5	5
SAN JOSÉ	3	3
SAN JOSE	8	8
SAN JORGE CENTRAL	4	4
SAN JORGE - GLORIA GAITÁN	4	4
SAN JORGE	40	40
SAN JOAQUÍN DEL VATICANO	2	2
SAN JOAQUIN	2	2
SAN JACINTO	1	1
SAN ISIDRO	9	9
SAN IGNACIO	12	12
SAN GABRIEL NORTE	1	1
SAN FRANCISCO SUBA CENTRO	1	1
SAN FRANCISCO PARTE ALTA	1	1
SAN FRANCISCO NORTE	1	1
SAN FERNANDO SUR	2	2
SAN FERNANDO OCCIDENTAL	3	3
SAN FERNANDO	12	12
SAN FELIPE	17	17
SAN FASSON	1	1
SAN FASON CIUDADELA RESIDENCIAL	1	1
SAN DIONISIO	1	1
SAN DIEGO	50	50
SAN CRISTÓBAL NORTE	3	3
SAN CRISTÓBAL ALTO	1	1
SAN CRISTÓBAL	34	34
SAN CRISTOBAL	13	13
SAN CAYETANO (EL BANCO)	2	2
SAN CAYETANO	8	8
SAN CARLOS TIBABUYES	1	1
SAN CARLOS PREDIO SAN JOSÉ	15	15
SAN CARLOS	1	1
SAN BLAS II	1	1
SAN BLAS	7	7
SAN BERNARDO	22	22
SAN BERNARDINO POTRERITOS	1	1
SAN BERNARDINO II	1	1
SAN BERNARDINO AIX	1	1
SAN BERNARDINO	4	4
SAN BENITO	9	9
SAN BASILIO	1	1
SAN ANTONIO NORTE	3	3
SAN ANTONIO MIRADOR	2	2
SAN ANTONIO DE ENGATIVA	2	2
SAN ANTONIO	32	32
SAN ANDRES DE LOS ALTOS	2	2
SAN ANDRÉS BAJO	1	1
SAN ANDRES	7	7
SAN ALEJO	1	1
SAN AGUSTÍN SUR	6	6
SAN AGUSTÍN II SECTOR	4	4
SAMPER MENDOZA	19	19
SAMPER	15	15
SAMORE	8	8
SALITRE PLAZA	10	10
SALITRE IV SECTOR	1	1
SALITRE I SECTOR	1	1
SALITRE	9	9
SALINAS	1	1
SALAZAR GÓMEZ	6	6
SAGRADO CORAZON	12	12
SAGRADA FAMILIA	1	1
SABANA GRANDE	21	21
RUBIO SANTANDER	2	2
RUBICAR	1	1
RUBI	1	1
ROSALES	1	1
ROMA	15	15
RODRIGO LARA BONILLA	1	1
ROCÍO ORIENTAL	1	1
RIO NEGRO NORTE	20	20
RINCÓN DEL CHICO	1	1
RINCÓN DE VENECIA II SECTOR	1	1
RINCÓN DE SUBA	3	3
RINCÓN DE MANDALAY	1	1
RINCÓN DE LOS MOLINOS	1	1
RINCON DE LOS ANGELES	4	4
RINCÓN DE GALICIA	1	1
RICAURTE OCCIDENTAL	3	3
RICAURTE	103	103
RESURRECCIÓN	1	1
RESTREPO	81	81
REPUBLICA DE VENEZUELA	1	1
RAMAJAL	1	1
RAFAEL URIBE	2	2
RAFAEL NUNEZ	9	9
RAFAEL	1	1
QUIROGA VII ETAPA	17	17
QUIROGA IHS ETAPA	44	44
QUIRINAL	5	5
QUIRIGUA I	15	15
QUINTAS DE SANTA CECILIA	1	1
QUINTAS DE SANTA BARBARA	1	1
QUINTA RAMOS	2	2
QUINTA PAREDES	9	9
QUINTA MUTIS	4	4
QUINTA CAMACHO	43	43
QUINDIO	4	4
QUINABE	1	1
QUESADA	8	8
PUERTO RICO	2	2
PUERTA DE TEJA	9	9
PUENTE LARGO	11	11
PUENTE GRANDE	4	4
PUEBLO VIEJO	1	1
PROVIVIENDA NORTE	1	1
PROVIDENCIA	1	1
PROTECHO BOGOTA II ETAPA I	2	2
PROGRESO II SECTOR LA REFORMA	3	3
PRÍNCIPE DE BOCHICA	7	7
PRIMERO DE MAYO	1	1
PRIMAVERA SUR OCCIDENTAL	1	1
PRIMAVERA NUEVA	3	3
PRIMAVERA II	1	1
PREDIO SANTA CECILIA	2	2
PREDIO CORINTO	1	1
PRADOS DE ALAMEDA	1	1
PRADO VERANIEGO NORTE	1	1
PRADO VERANIEGO	20	20
PRADO PINZON	4	4
PRADO CENTRAL	2	2
PRADO ALTO	1	1
POTRERITO	1	1
POTRERILLOS DE SUBA	4	4
POTOSÍ	4	4
POTOSI	2	2
PORVENIR LA CONCEPCIÓN	1	1
PORTALES DEL NORTE	5	5
PORTAL II ETAPA	1	1
PORTAL DE SAN CARLOS	1	1
PORTAL DE LAS AMERICAS	8	8
POLO OCCIDENTAL	2	2
POLO DEL COUNTRY	1	1
POLO CLUB	65	65
POLICARPA SALAVARRIETA	3	3
PLAZA DE LAS FLORES	1	1
PIO XII	11	11
PIO X KENNEDY	3	3
PINO ALTO	2	2
PINARES	1	1
PINAR DEL RIO	4	4
PINAR DE LOS ALAMOS	1	1
PIAMONTE	14	14
PERPETUO SOCORRO	7	7
PERDOMO ALTO	7	7
PERDOMO	11	11
PATIO BONITO I	118	118
PASTRANITA I	3	3
PASEO DE LA COLINA	1	1
PASADENA ROYAL	7	7
PARQUE SIMON BOLIVAR	8	8
PARQUE RESIDENCIAL NAVARRA	1	1
PARQUE NACIONAL	4	4
PARQUE EL TUNAL	4	4
PARQUE EL SALITRE	2	2
PARQUE DE MILENTA II ETAPA	2	2
PARIS GAITAN	1	1
PARDO RUBIO	6	6
PANORAMA (ALTAMIRA)	1	1
PALOQUEMAO	20	20
PALO BLANCO	1	1
PALMA ALDEA	1	1
PALESTINA	7	7
PALERMO SUR LAS BRISAS	1	1
PALERMO SUR - SANA FONSECA	1	1
PALERMO SUR - BRISAS	3	3
PALERMO SUR	7	7
PALERMO	27	27
PABLO VI	1	1
PABLO SEXTO	2	2
OSPINA PÉREZ	1	1
ONEIDA	5	5
ONCE DE NOVIEMBRE	2	2
ONASIS	1	1
OLAYA	47	47
OLARTE	19	19
OINAR DEL CONTRY NORTE	1	1
OCHO DE DICIEMBRE	1	1
NVO.CORINTO SUBA	1	1
NUEVO TIMIZA	16	16
NUEVO SAN LUIS	2	2
NUEVO PORVENIR	2	2
NUEVO MUZU I SECTOR	6	6
NUEVO MUZO II SECTOR I ETAPA	3	3
NUEVO KENNEDY	10	10
NUEVO CORINTO	2	2
NUEVA YORK	2	2
NUEVA VILLEMAR	1	1
NUEVA USME	2	2
NUEVA URB. SAN LUIS	1	1
NUEVA TIBABUYES	3	3
NUEVA SANTAFE	1	1
NUEVA GRANADA	6	6
NUEVA ESPAÑA	2	2
NUEVA DELLY	4	4
NUEVA ARGENTINA	1	1
NORMANDIA OCCIDENTAL	2	2
NORMANDÍA II SECTOR	1	1
NORMANDIA	28	28
NIZA SUR I	4	4
NIZA SUBA	5	5
NIZA NORTE	9	9
NICOLAS DE FEDERMAN	21	21
NAVARRA	24	24
NARIÑO SUR	12	12
MUZU	14	14
MUSEO DEL CHICO	1	1
MUNICIPIO DE USAQUÉN	1	1
MULTISERVITA	1	1
MULTICENTRO	1	1
MUEQUETA	1	1
MORAVIA	2	2
MORATO	5	5
MORALIA II	1	1
MONTEVIDEO	15	15
MONTECARLO	1	1
MONTEBLANCO	4	4
MONTE BELLO	2	2
MOLINOS DEL SUR	14	14
MOLINOS DE VIENTO	1	1
MODELO SUR	4	4
MODELO	12	12
MODELIA	61	61
MIRAMAR	1	1
MIRAFLOREZ	1	1
MIRADOR EL	1	1
MINUTO DE DIOS	17	17
MILLÁN LOS SAUCES	1	1
MILENTA	4	4
MIAMI	1	1
MÉXICO	4	4
METROPOLIS OCCIDENTAL	1	1
METROPOLIS	8	8
MERCED SUR SAN IGNACIO	2	2
MEISSEN	6	6
MEDITERRÁNEO	1	1
MATATIGRES	4	4
MARTIRES	14	14
MARLY	53	53
MARISCAL SUCRE	2	2
MARIA PAZ	31	31
MARCO FIDEL SUAREZ II SECTOR	1	1
MARCO FIDEL SUAREZ	5	5
MARBELLA	2	2
MARANTA	2	2
MARANDU	2	2
MANZANARES	1	1
MANDALAY I ETAPA	26	26
MALVINAS	1	1
MAKRO	1	1
MADERAS DE LA SABANA	1	1
MACONDO Y CARMEN	1	1
MACARENA	2	2
LUSITANIA	1	1
LUNA PARK I SECTOR	3	3
LUIS LÓPEZ DE MEZA	3	3
LUIS CARLOS GALÁN	1	1
LUIS CARLOS GALAN	3	3
LUCERO SUR BAJO	1	1
LUCERO MEDIO	2	2
LUCERO BAJO	8	8
LUCERO ALTO	6	6
LOURDES	12	12
LOS VIRREYES II	1	1
LOS TRES REYES - I ETAPA	1	1
LOS SAUCES	2	2
LOS ROSALES	4	4
LOS PINOS DE SUBA	1	1
LOS PINOS	1	1
LOS PINARES	1	1
LOS PIJAOS	9	9
LOS PERIODISTAS	4	4
LOS OLIVOS	1	1
LOS NARANJOS	8	8
LOS MONJES	3	3
LOS MOLINOS I SECTOR	5	5
LOS MOLINOS DEL VIENTO	1	1
LOS MOLINOS DEL SUR	11	11
LOS LIBERTADORES SAN JOSÉ	1	1
LOS LIBERTADORES	2	2
LOS LAURELES	7	7
LOS LACHES	3	3
LOS HAYUELOS	35	35
LOS GRUPOS	1	1
LOS COMUNEROS	2	2
LOS CEREZOS	6	6
LOS CEDRITOS	62	62
LOS ANGELES	2	2
LOS ANDES	4	4
LOS ALPES	1	1
LOS ALMENDROS	2	2
LOS ALCAPARROS DE SUBA	1	1
LOMBARDIA III	1	1
LOMBARDIA II	10	10
LLANO GRANDE	18	18
LITUANIA	1	1
LISBOA	21	21
LIJACA	8	8
LIBERTADORES	4	4
LIBERTADOR SUR	4	4
LAURELES LA ESTACIÓN	2	2
LAS VIOLETAS	1	1
LAS VILLAS II SECTOR	1	1
LAS VILLAS I SECTOR	10	10
LAS ORQUÍDEAS	10	10
LAS NIEVES	63	63
LAS MERCEDES	6	6
LAS MARGARITAS	40	40
LAS MANITAS	1	1
LAS GRANJAS	1	1
LAS GAVIOTAS URB.	1	1
LAS FLORES I	1	1
LAS FLORES	8	8
LAS FERIAS	7	7
LAS DOS AVENIDAS	6	6
LAS DELICIAS	15	15
LAS CRUCES	33	33
LAS COLUMNAS	1	1
LAS COLINAS	22	22
LAS BRISAS	4	4
LAS AMERICAS	23	23
LAS AGUAS	46	46
LAS ACACIAS	3	3
LAGOS DE SUBA	8	8
LAGO GAITAN	25	25
LAGO DE CHAPINERO	4	4
LA VICTORIA NORTE	1	1
LA VICTORIA	29	29
LA VERACRUZ	7	7
LA URIBE	18	18
LA TRINIDAD	2	2
LA TOSCANA	9	9
LA SOLEDAD, SAN JOSÉ NORTE	1	1
LA SOLEDAD	32	32
LA SERENA	4	4
LA SALLE	4	4
LA SALINA	1	1
LA SABANA	13	13
LA ROSITA	2	2
LA ROCA	3	3
LA RIVIERA	4	4
LA RIVERA	2	2
LA RESURRECCIÓN II	5	5
LA PRIMAVERA NORTE II SECTOR	1	1
LA PRIMAVERA NORTE I SECTOR	2	2
LA PRIMAVERA NORTE	4	4
LA PRIMAVERA	6	6
LA PRADERA NORTE	8	8
LA PORTADA	1	1
LA PORCIUNCULA	21	21
LA PONDEROSA	1	1
LA PLAYA II	1	1
LA PLAYA	3	3
LA PICOTA	2	2
LA PERSEVERANCIA	6	6
LA PERLA	1	1
LA PEPITA	1	1
LA PEÑA	1	1
LA PENINSULA	2	2
LA PAZ BOSA	2	2
LA PAZ	5	5
LA PATRIA	6	6
LA PALMA	1	1
LA PALESTINA	2	2
LA MERCED NORTE	4	4
LA MERCED	1	1
LA MARQUEZA	1	1
LA MARICHUELA	12	12
LA MARÍA SUR	1	1
LA MARIA	4	4
LA MAGDALENA	10	10
LA MACARENA	7	7
LA LIBERTAD II	1	1
LA LIBERTAD I	2	2
LA LIBERTAD	9	9
LA LIBERIA	5	5
LA LAGUNA DE FONTIBÓN	1	1
LA LAGUNA	5	5
LA ISABELA II	1	1
LA INDEPENDENCIA	2	2
LA IGUALDAD	9	9
LA HORTUA	2	2
LA HERRADURA	3	3
LA GRANJA	13	13
LA GLORIA BAJA	3	3
LA GLORIA	5	5
LA GIRALDA	5	5
LA GAITANA	39	39
LA FRANCIA	1	1
LA FRAGUITA ZONA INVADIDA	1	1
LA FRAGUA	6	6
LA FLORIDA IV SECTOR	1	1
LA FLORIDA	5	5
LA FLORESTA	1	1
LA FISCALA	2	2
LA FELICIDAD	4	4
LA FAVORITA	36	36
LA FAENA	3	3
LA EUROPA	2	2
LA ESTRELLA NORTE	2	2
LA ESTRELLA DEL SUR	4	4
LA ESTRELLA	3	3
LA ESTRADITA	5	5
LA ESTRADA	4	4
LA ESTANZUELA	8	8
LA ESTANCIA BAJA	1	1
LA ESTANCIA	4	4
LA ESTACION IMPERIAL	2	2
LA ESTACIÓN	9	9
LA ESPERANZA II	1	1
LA ESPERANZA I	1	1
LA ESPERANZA DE TIBANICA	2	2
LA ESPERANZA	18	18
LA ESPAÑOLA	6	6
LA ESMERALDA	24	24
LA DESPENSA	2	2
LA CONSOLACIÓN	3	3
LA CONEJERA II ETAPA	1	1
LA CONCORDIA	5	5
LA CONCEPCION	4	4
LA COLONIA ORIENTAL	1	1
LA COLMENA	2	2
LA CLARITA	8	8
LA CITA	1	1
LA CHUCUA NORTE	3	3
LA CATEDRAL	22	22
LA CASTELLANA	23	23
LA CASTAÑA	2	2
LA CAROLINA	1	1
LA CAPUCHINA	20	20
LA CANDELARIA	17	17
LA CAMPIÑA	1	1
LA CALLEJA	10	10
LA CABRERA	16	16
LA CABAÑA Y LA SUERTE	1	1
LA CABAÑA	8	8
LA BELLEZA	2	2
LA AZUCENA A	4	4
LA AURORA II SECTOR	3	3
LA AURORA I SECTOR	9	9
LA AURORA	5	5
LA ANDREA	2	2
LA AMISTAD BOSA	3	3
LA AMISTAD	3	3
LA ALMERÍA	1	1
LA ALDEA	5	5
LA ALAMEDA DEL SUR	1	1
LA ALAMEDA	19	19
LA AGUADITA	2	2
LA ACACIA	3	3
KASANDRA	2	2
JULIO FLOREZ	1	1
JUAN XXIII	3	3
JUAN REY	6	6
JUAN PABLO II	9	9
JOSÉ JOAQUÍN VARGAS	2	2
JOSE JOAQUIN VARGAS	8	8
JOSE ANTONIO GALAN	3	3
JORGE GAITAN CORTES	2	2
JORDAN	1	1
JERUSALÉN	6	6
JERICO	1	1
JAZMÍN OCCIDENTAL	1	1
JAVA II SECTOR	1	1
JARDÍN DE SAN JORGE	1	1
JAKELIN	3	3
JACQUELINE	1	1
JABOQUE	2	2
ISRAELITAS	1	1
ISLANDIA	2	2
ISLA DEL SOL	7	7
ISABELA I	1	1
INTERINDUSTRIAL	2	2
INGLES	5	5
ILARCO	1	1
IBERIA	5	5
HORIZONTES	1	1
HOLANDA	2	2
HIPOTECHO OCCIDENTAL	27	27
HACIENDA SANTA BARBARA I SECTOR	3	3
HACIENDA SANTA BÁRBARA	1	1
GUSTAVO RESTREPO	32	32
GUAVIO	1	1
GUATIQUIA URBANIZACIÓN	1	1
GUADUAL FONTIBÓN	1	1
GUADUAL	1	1
GUACAMAYAS I-II	13	13
GRATAMIRA	2	2
GRANJAS EL DORADO	1	1
GRANJAS DE TECHO	2	2
GRANADA SUR III SECTOR	1	1
GRANADA SUR	6	6
GRANADA NORTE	8	8
GRANADA	10	10
GRAN YOMASA	11	11
GRAN GRANADA	1	1
GRAN GRADANA I Y II	1	1
GRAN COLOMBIANO	13	13
GRAN BRITALIA	50	50
GRAN AMERICA	12	12
GOVAROBA II	1	1
GORGONZOLA	8	8
GONZALO JIMENEZ	3	3
GLORIA LARA DE ECHEVERRY II ETAPA	2	2
GIRARDOT	4	4
GIRALDILLA II	1	1
GILMAR	4	4
GIBRALTAR	1	1
GETSEMANI	1	1
GERMANIA	7	7
GARCES NAVAS	5	5
GALERIAS	42	42
GALAN	33	33
GAITAN	12	12
FRANCO	2	2
FRANCISCO JOSE DE CALDASS	21	21
FRANCIA	1	1
FONTIBÓN UNIDAD RESIDENCIAL	3	3
FONTIBON CENTRO	24	24
FONTANAR DEL RÍO B	9	9
FONTANAR DEL RÍO	4	4
FLORIDA SUR ALTO	1	1
FLORIDA BLANCA	6	6
FLORESTA SUR	3	3
FLORESTA DE SUBA (LA MESA)	1	1
FLORENCIA	6	6
FLORALIA	2	2
FLANDES	3	3
FIORITA	1	1
FINCA NUEVA ZELANDIA	1	1
FINCA LINTERAMA	1	1
FERROCAJA	7	7
FERIAS	17	17
FÁTIMA	9	9
ESTRELLA DEL NORTE	1	1
ESTRELLA	2	2
ESTADOS UNIDOS	15	15
ESTACIÓN CENTRAL	4	4
ESPINOS I	1	1
ESCUELA MILITAR	5	5
ESCUELA DE CARABINEROS	1	1
ESCOCIA	2	2
ENTRERIOS	4	4
ENGATIVÁ ZONA URBANA	1	1
ENGATIVA	5	5
EMAUS	4	4
EL VIRREY ULTIMA ETAPA	8	8
EL VERGEL	7	7
EL TUNAL II	73	73
EL TROPEZON	2	2
EL TRIUNFO	5	5
EL TINTAL CENTRAL	1	1
EL TINTAL	30	30
EL TESORITO	1	1
EL TAPETE	2	2
EL TABOR	1	1
EL SALITRE SUBA	1	1
EL SALITRE	9	9
EL SALITRAL II	1	1
EL RUBÍ	1	1
EL RUBI	1	1
EL ROSARIO	3	3
EL RINCÓN DE SUBA	1	1
EL RINCÓN DE LA CAMAPIÑA	2	2
EL RINCÓN	32	32
EL RETIRO I	1	1
EL RETIRO	38	38
EL RESTREPO	23	23
EL REFUGIO I	2	2
EL REFUGIO DE SAN ANTONIO	1	1
EL REFUGIO	4	4
EL RECUERDO SAN BERNARDINO	1	1
EL RECUERDO	16	16
EL RECREO	10	10
EL RECODO	5	5
EL RAMAJAL	2	2
EL PROGRESO	2	2
EL PORVENIR II SECTOR	2	2
EL PORVENIR	32	32
EL PORTAL II SECTOR	1	1
EL PORTAL DEL CENTENARIO	1	1
EL PORTAL DE PATIO BONITO	3	3
EL PORTAL DE LAS MERCEDES	3	3
EL PORTAL DE J.J. VARGAS	1	1
EL PORTAL	5	5
EL POA	23	23
EL PLAN	3	3
EL PINO	19	19
EL PINAR	18	18
EL PESEBRE	1	1
EL PENSIL	1	1
EL PEDREGAL	1	1
EL PATIO III SECTOR	4	4
EL PASEO	1	1
EL PAREJO	1	1
EL PARAÍSO	5	5
EL PARAISO	1	1
EL PANTANITO	2	2
EL OLIVO	1	1
EL NOGAL	4	4
EL MUELLE	4	4
EL MOTORISTA	1	1
EL MORTIÑO	2	2
EL MOCHUELO ORIENTAL	1	1
EL LLANITO	1	1
EL LISTON	8	8
EL LIBERTADOR	2	2
EL LAUREL	3	3
EL LAGO DEL PARAÍSO	1	1
EL JAZMÍN RURAL	1	1
EL JAZMÍN II SECTOR	3	3
EL JAZMÍN I SECTOR	3	3
EL JARDÍN	1	1
EL JAPÓN	1	1
EL GUAVIO	2	2
EL GRECO	2	2
EL ESPARTILLAL	9	9
EL ENSUEÑO	2	2
EL ENCANTO	2	2
EL EJIDO	9	9
EL DORADO NORTE	1	1
EL DORADO	2	2
EL CORTIJO	11	11
EL CONSUELO	4	4
EL CODITO	9	9
EL CHILCAL	1	1
EL CEREZO	1	1
EL CENTENARIO	20	20
EL CEDRO	1	1
EL CASTILLO	5	5
EL CARMEN	5	5
EL CARMELO	4	4
EL CAMPIN (ESTADIO)	1	1
EL CAMPIN (COLISEO)	1	1
EL CAMPIN	8	8
EL BOSQUE SAN ANTONIO	1	1
EL BOSQUE	1	1
EL ARRAYÁN	1	1
EL AMPARO	33	33
EGIPTO ALTO	4	4
EGIPTO	6	6
EDUARDO SANTOS	10	10
EDUARDO FREY	3	3
ECUALIPTOS DE LA COLINA	1	1
ECOPETROL	1	1
DOMINGO LAIN III	1	1
DOCE DE OCTUBRE	6	6
DINDALITO	14	14
DIANA TURBAY	22	22
DANUBIO II	1	1
DANUBIO AZUL I Y II SECTOR	1	1
DANUBIO AZUL	15	15
CUNDINAMARCA	3	3
COUNTRY SUR	19	19
COUNTRY PLAZA	5	5
COSTA RICA	6	6
CORDOBA	2	2
CORABASTOS	7	7
CONTADOR	18	18
CONJUNTO RESIDENCIAL VILLA MARÍA	1	1
CONJUNTO RESIDENCIAL LOS CRISTALES	1	1
CONJUNTO RESIDENCIAL LAS ORQUÍDEAS	1	1
CONJUNTO RESIDENCIAL LA VALVANERA	2	2
CONJUNTO RESIDENCIAL LA PRADERA	8	8
CONJUNTO RESIDENCIAL AVENTURA PLAZA	1	1
CONDADOS DE CASTILLA	4	4
COMUNEROS URB. LOS	1	1
COMPOSTELA II	2	2
COMPARTIR	1	1
COMFAMILIAR ASEGURADORA II	2	2
COLSEGUROS	1	1
COLOMBIA	9	9
COLMENA I	2	2
COLINA LINDA	19	19
CLASS	3	3
CLARET	12	12
CIUDADELA EL RECREO	1	1
CIUDADELA EL OASIS	1	1
CIUDADELA COLSUBSIDIO	11	11
CIUDADELA CAFAM	1	1
CIUDAD SALITRE SPMZ III 14-15	1	1
CIUDAD SALITRE SPMZ II - 3-6-9	1	1
CIUDAD SALITRE II	24	24
CIUDAD SALITRE I	1	1
CIUDAD SALITRE	30	30
CIUDAD KENNEDY SUR	3	3
CIUDAD KENNEDY OCC	2	2
CIUDAD KENNEDY NORTE	3	3
CIUDAD KENNEDY CENTRAL	51	51
CIUDAD JARDIN SUR	22	22
CIUDAD JARDIN	6	6
CIUDAD HUNZA	1	1
CIUDAD DE CALI	4	4
CIUDAD BERNA	12	12
CIUDAD BACHUE	1	1
CHUNIZA	7	7
CHUCUA EL BURRO	1	1
CHICO SUR	2	2
CHICO NORTE III SECTOR	1	1
CHICO NORTE II SECTOR	4	4
CHICO NORTE II	4	4
CHICO NORTE I	19	19
CHICO NAVARRA	14	14
CHICO II	3	3
CHICO I	42	42
CHICALA	4	4
CHAPINERO SUR OCCIDENTAL	4	4
CHAPINERO SUR OCC.	6	6
CHAPINERO NORTE	70	70
CHAPINERO CENTRAL	104	104
CHAPINERO ALTO	85	85
CHAPINERITO	4	4
CHAPARRAL	1	1
CERVANTES	1	1
CERROS NORTE	5	5
CERROS DE SUBA	2	2
CERROS DE NIZA	1	1
CERRO MONSERRATE	2	2
CENTRO USME	9	9
CENTRO NORTE USAQUÉN	7	7
CENTRO INTERNACIONAL	3	3
CENTRO FONTIBÓN	10	10
CENTRO COMERCIAL COLSEGUROS	5	5
CENTRO COMERCIAL ANDINO	1	1
CENTRO COM CENTROSUBA	1	1
CENTRO CIAL PLAZA AMERICAS	2	2
CENTRO ANTONIO NARIÑO	4	4
CENTRO ADMINISTRATIVO	12	12
CENTRO	24	24
CENTENARIO	6	6
CEMENTERIO EL APOGEO	3	3
CEDRO SALAZAR	3	3
CEDRO NORTE	3	3
CEDRO GOLF EL RODEO	2	2
CEDRO CLARO	1	1
CATALUÑA	10	10
CASTILLA REAL	25	25
CASTILLA LA NUEVA	18	18
CASAVIANCA	1	1
CASALOMA II	1	1
CASABLANCA I	9	9
CASA GRANDE	2	2
CASA DE TEJA	5	5
CASA BLANCA NORTE	1	1
CASA BLANCA	4	4
CARVAJAL	44	44
CAROLINA ORIENTAL	1	1
CARMEN DEL SOL I SECTOR	1	1
CARLOS LLERAS RESTREPO	1	1
CARCEL DISTRIAL	1	1
CARACOL	3	3
CAPELLANIA	10	10
CANTALEJO	8	8
CANDELARIA LA NUEVA I SECTOR	9	9
CANDELARIA III-IV	34	34
CANAIMA	4	4
CANADA	2	2
CAMPO HERMOSO	2	2
CAMPO EUCARISTICO	5	5
CAMPIÑA	7	7
CAMPANIA	1	1
CAMPANELLA	1	1
CAMINO VIEJO DE SAN CRISTÓBAL	1	1
CAMENTERIO CHAPINERO	1	1
CAMELIA NORTE	1	1
CALVO SUR	5	5
CALVO MAC PHILIS	1	1
CALLEJÓN DE SANTA BÁRBARA II SECTOR	1	1
CALLEJÓN DE SANTA BÁRBARA	1	1
CALLEJÓN DE LA ESTANZUELA	1	1
CALLEJA DOS MIL	1	1
CALIFORNIA	3	3
CALDAS	2	2
CALATRAVA	1	1
CALANDAIMA	1	1
BUENOS AIRES	4	4
BUENA VISTA	1	1
BRITALIA PORTALES DEL NORTE	1	1
BRITALIA ALTA	2	2
BRITALIA	10	10
BRISAS DEL VOLADOR	2	2
BRISAS DEL POLO	5	5
BRISAS DEL GALÁN	1	1
BRAVO PÁEZ	10	10
BRASILL II SECTOR	3	3
BRASILIA SUR	4	4
BRASILIA I SECTOR	6	6
BRASIL SECTOR BARRETO	1	1
BRASIL II SECTOR II ETAPA	3	3
BOYACA REAL	10	10
BOYACÁ	2	2
BOSTON	2	2
BOSQUES DEL PORTAL	1	1
BOSQUES DE SAN JOSÉ	5	5
BOSQUES DE SAN JORGE	1	1
BOSQUES DE MODELIA	1	1
BOSQUES DE MARIANA	1	1
BOSQUES DE GRANADA II SECTOR	1	1
BOSQUES DE GRADANA	1	1
BOSQUE POPULAR	20	20
BOSQUE IZQUIERDO	1	1
BOSQUE EL LIMONAR	2	2
BOSQUE DE SAN CARLOS	4	4
BOSQUE DE PINOS II	2	2
BOSQUE DE LOS MOLINOS	2	2
BOSQUE CALDERON TEJADA	1	1
BOSQUE CALDERÓN	4	4
BOSA NOVA	2	2
BOSA LINDA	2	2
BOSA CENTRO	10	10
BOSA CARBONELL I	2	2
BOSA CARBONEL II	7	7
BOSA	33	33
BONANZA SUR	3	3
BONANZA	12	12
BOMBAY	5	5
BOLIVIA	6	6
BOITA	10	10
BOHIOS DE HUNZA	2	2
BOGOTA SUR - LA ESPERANZA	3	3
BOCHICA III	1	1
BOCHICA COMPARTIR	1	1
BOCHICA	10	10
BILBAO	8	8
BETANIA	2	2
BERLIN SUBA	2	2
BERLÍN	1	1
BELMONTE	1	1
BELLO HORIZONTE	5	5
BELLAVISTA II SECTOR	2	2
BELLAVISTA ALTA	1	1
BELLAVISTA	27	27
BELLA VISTA SUR	5	5
BELLA SUIZA	8	8
BELLA NIDIA	2	2
BELLA FLOR	1	1
BELLA ESTANCIA	3	3
BELÉN	2	2
BELEN	4	4
BELALCAZAR	17	17
BAVARIA TECHO II SECTOR	2	2
BAVARIA	4	4
BATAVIA	1	1
BARRIOS UNIDOS	12	12
BARRANQUILLITA	3	3
BARRANCAS NORTE	1	1
BARRANCAS	14	14
BARCELONA	3	3
BARANDILLAS DE SUBA	1	1
BAQUERO	2	2
BANDERAS	12	12
BANCO CENTRAL	2	2
BALMORAL I ETAPA	1	1
BALCONES DEL TRIUNFO	1	1
BACHUE	16	16
AYACUCHO	2	2
AVENIDA CUNDINAMARCA	1	1
AUTOPISTA MEDELLIN	1	1
AURES I-II	5	5
AURES II	16	16
ATENAS	5	5
ATAHUALPA	9	9
ARRAYANES SUBA	1	1
ARRAYANES	1	1
ARMENIA	21	21
ARGENTINA	2	2
ARGELIA	1	1
ARBORIZADORA BAJA	7	7
ARBORIZADORA ALTA	9	9
ARABIA	2	2
ANTONIO MORALES GALVIS	1	1
ANTONIO JOSE DE SUCRE	2	2
ANTONIO GRANADO SUBA	1	1
ANTONIA SANTOS	2	2
ANTIGUO COUNTRY	29	29
ANDES	14	14
ANDALUCÍA	7	7
AMARUC	1	1
AMAPARO CAÑIZARES	2	2
ÁLVARO BERNAL SEGURA	2	2
ALTOS DEL REDIL	3	3
ALTOS DEL POBLADO	3	3
ALTOS DE SAN ISIDRO	1	1
ALTOS DE JALISCO	1	1
ALTOS DE BETANIA III	1	1
ALTO DE LA CRUZ	2	2
ALTILLOS DE SUBA	2	2
ALTAMIRA	8	8
ALTAMAR	1	1
ALTA BLANCA	1	1
ALSACIA	2	2
ALQUERÍA LA FRAGUA	9	9
ALQUERÍA DE LA FRAGUA DEL ISS	5	5
ALOHA NORTE	2	2
ALMONACID	1	1
ALMIRANTE PADILLA	2	2
ALMIRANTE COLON	2	2
ALMENDROS	3	3
ALMENA	1	1
ALHAMBRA SECTOR NORTE	12	12
ALFONSO LÓPEZ SECTOR CHARALA	1	1
ALFONSO LOPEZ	19	19
ALFEREZ REAL	2	2
ALCAZARES NORTE	4	4
ALCAZARES	16	16
ALCAPARROS I-II	1	1
ALCALÁ	5	5
ALCALA	3	3
ALAMOS SUR	22	22
ÁLAMOS NORTE	1	1
ALAMEDAS DE MODELIA	1	1
ALAMEDA DEL SUR	1	1
ALAMEDA DE TIMIZA	1	1
ALAMEDA	28	28
AGUAS CLARAS	2	2
AFIDRO	1	1
AEROPUERTO EL DORADO	12	12
ACIP	1	1
ACEVEDO TEJADA	14	14
ACATAMA	2	2
ACAPULCO	3	3
ACACIAS NORTE	2	2
ACACIAS IV	1	1
ABRAHAM LINCON	13	13
7 DE AGOSTO	18	18
12 DE OCTUBRE	1	1