Barrio2	2010	2011	2012	2013	2014	2015	2016	Grand Total
12 DE OCTUBRE	3	7	3	9	4	4	1	31
7 DE AGOSTO	13	9	18	26	18	24	18	126
A.S.D.				2				2
ABRAHAM LINCON	1		5	6	10	17	13	52
ACACIAS					1	1		2
ACACIAS III PARTE BAJA					2	2		4
ACACIAS IV							1	1
ACACIAS NORTE	1		1	1	3	3	2	11
ACACIAS SUR	3	4	1	1	1	1		11
ACAPULCO			5	2	2	1	3	13
ACATAMA	1		1		1		2	5
ACEVEDO TEJADA	2	4	5	7	7	6	14	45
ACIP	1	1	1		1		1	5
AEROPUERTO EL DORADO	4	8	7	12	9	8	12	60
AEROPUERTO MUELLE INTERNACIONAL	1			1				2
AEROPUERTO PUENTE AEREO	1	1	2	5				9
AFIDRO					1		1	2
AGROPOLIS					1			1
AGUALINDA					2			2
AGUAS CALIENTES			2					2
AGUAS CLARAS	1	3	2		1		2	9
AINSUCA	1		3			1		5
ALAMEDA	16	18	32	49	45	18	28	206
ALAMEDA DE TIMIZA					5	4	1	10
ALAMEDA DEL SUR					1	2	1	4
ALAMEDAS DE MODELIA	1	1	1	3	13	3	1	23
ÁLAMOS I				1				1
ÁLAMOS NORTE	11	7	5	7			1	31
ALAMOS SUR	1	3		1	21	17	22	65
ALASKA	1		2		1			4
ALBANIA				1				1
ALCALA		1	4	2	5	5	3	20
ALCALÁ		3	3	3	11	8	5	33
ALCAPARROS I-II	1	1	1	1	2	2	1	9
ALCAZAR DE SUBA					1	2		3
ALCAZAR DEL RÍO						1		1
ALCAZARES	7	9	13	12	22	15	16	94
ALCAZARES DE SUBA			1		1			2
ALCAZARES NORTE	3	1		2	5	4	4	19
ALFEREZ REAL							2	2
ALFONSO LOPEZ	8	2	8	18	13	16	19	84
ALFONSO LÓPEZ SECTOR CHARALA		1	1			2	1	5
ALFONSO LÓPEZ SECTOR LA ALBORADA						1		1
ALHAMBRA SECTOR NORTE	5	7	7	21	12	11	12	75
ALMACEN CAFAM LA FLORESTA	1		1		1	4		7
ALMENA				1			1	2
ALMENDROS	2	6	8	7	4	3	3	33
ALMENDROS TINTALITO BOSA					4			4
ALMIRANTE COLON					1		2	3
ALMIRANTE PADILLA			2	3	4	2	2	13
ALMONACID			1				1	2
ALMORIA		1	2					3
ALOHA NORTE			1	1		2	2	6
ALOHA SUR				1		1		2
ALPES DEL ZUQUE						1		1
ALPES LOS				1	1			2
ALQUERÍA DE LA FRAGUA DEL ISS				1	4	1	5	11
ALQUERÍA LA FRAGUA				1	11	11	9	32
ALQUERÍAS DE LA FRAGUA	5	8	6	8				27
ALQUERÍAS DE LA FRAGUA VILLANUEVA					1			1
ALSACIA					4	6	2	12
ALTA BLANCA	2	6	1	3	4	1	1	18
ALTAMAR			1	2	4	4	1	12
ALTAMAR II SECTOR						1		1
ALTAMIRA	1		2	6	5	4	8	26
ALTAMIRA CHIQUITA						1		1
ALTILLOS DE SUBA		1			2		2	5
ALTO DE LA CRUZ			1		1	3	2	7
ALTO DE LA TOMA			1			1		2
ALTO DE LOS PINOS					1			1
ALTOS DE BELLAVISTA				1				1
ALTOS DE BETANIA III							1	1
ALTOS DE CHOZICA				1				1
ALTOS DE JALISCO		2	1		1		1	5
ALTOS DE LA ESPERANZA I SECTOR					1	1		2
ALTOS DE LA GLORIA						1		1
ALTOS DE SAN ISIDRO							1	1
ALTOS DEL COUNTRY (EL PITE)					1			1
ALTOS DEL POBLADO				2		1	3	6
ALTOS DEL REDIL		1		1		1	3	6
ALTOS DEL ROCIO		1		2	2			5
ALTOS DEL SOL			1	1				2
ÁLVARO BERNAL SEGURA	1	2			1	1	2	7
AMAPARO CAÑIZARES						1	2	3
AMARUC	1			1	1		1	4
AMBERES			2	1		2		5
ANDALUCÍA	2	3	9	4	6	5	7	36
ANDES	2	5	5	10	9	19	14	64
ANDREA	1		2	1				4
ANTIGUO COUNTRY	7	9	21	35	39	32	29	172
ANTONIA SANTOS	5		9	6	5	3	2	30
ANTONIO GRANADO SUBA				2	2	1	1	6
ANTONIO JOSE DE SUCRE	2	2	6	1	1	2	2	16
ANTONIO MORALES GALVIS							1	1
ANTONIO MORALES II SECTOR					1			1
ARABIA	4	1	1	3	9	2	2	22
ARAUQUITA	1							1
ARBOLEDA DE LOS ALPES					1	1		2
ARBOLEDA LA CAMPIÑA						3		3
ARBORIZADORA ALTA	7	6	6	10	10	14	9	62
ARBORIZADORA BAJA	4	4	3	5	8	6	7	37
ARGELIA	2	1	3		1	3	1	11
ARGENTINA	1	1	1				2	5
ARMENIA	1	2	10	8	12	22	21	76
ARMERO SUR						1		1
ARRAYANES							1	1
ARRAYANES SUBA					1		1	2
ASOCIACIÓN DISTRITAL DE EDUCADORES						1		1
ASOVIVIR	1		3		3			7
ASTURIAS		1				1		2
ATABANZA	1	1	1		2	1		6
ATAHUALPA	4	3	6	7	4	11	9	44
ATAHUALPA II SECTOR						1		1
ATENAS	2		1	5	1	3	5	17
ATICOS DEL SALITRE			1	5	3			9
ATLANTA	2			2				4
AURES II				1	24	22	16	63
AURES I-II	18	9	14	16	2		5	64
AUTOPISTA MEDELLIN					1		1	2
AVENIDA CUNDINAMARCA					2		1	3
AVENIDA DEL CENTENARIO					1			1
AYACUCHO							2	2
AZAFRANES					1			1
AZUCENA SECTOR EL TRIANGULO						1		1
BACHUE	7	14	15	19	13	20	16	104
BALCONES DE LA CALLEJA					1			1
BALCONES DE TIBANA					1			1
BALCONES DEL COUNTRY						2		2
BALCONES DEL TRIUNFO							1	1
BALMORAL I ETAPA			1			2	1	4
BANCO CENTRAL				3		2	2	7
BANDERAS	2	3	5	7	5	12	12	46
BAQUERO				1	3	1	2	7
BARANDILLAS DE SUBA							1	1
BARCELONA				1	1	3	3	8
BARRANCAS	11	5	10	8	8	12	14	68
BARRANCAS NORTE	3						1	4
BARRANQUILLITA	2	1	1			1	3	8
BARRIOS UNIDOS	1		4	7	12	7	12	43
BATALLON CALDAS				1	2	1		4
BATANIA		4	1	2				7
BATAVIA	1			1		1	1	4
BAVARIA	1	2	3	4	2	4	4	20
BAVARIA TECHO II SECTOR					2		2	4
BELALCAZAR	3	5	6	17	12	11	17	71
BELALCAZAR NORTE						1		1
BELEN	3		4	1	1	4	4	17
BELÉN	9	3	10	5	3	2	2	34
BELLA ESTANCIA					5	3	3	11
BELLA FLOR	1		1				1	3
BELLA NIDIA				1	2	2	2	7
BELLA SUIZA	5	5	9	10	5	12	8	54
BELLA VISTA		1	3	3	6			13
BELLA VISTA SUR	1	1	1		2	1	5	11
BELLAVISTA	4	7	14	16	15	19	27	102
BELLAVISTA ALTA	2		3	2		2	1	10
BELLAVISTA II SECTOR					1		2	3
BELLAVISTA OCCIDENTAL						2		2
BELLAVISTA SUR ORIENTAL					1			1
BELLO HORIZONTE	1	2	2	6	6	12	5	34
BELMONTE					2		1	3
BENJAMIN HERRERA	1	3	3	6	4	4		21
BERLÍN				1	3	7	1	12
BERLIN SUBA	2	4	5	4	4		2	21
BETANIA				1		3	2	6
BILBAO	10	1	5	10	6	8	8	48
BOCHALEMA	1	2	1	4	1	3		12
BOCHICA	9	11	16	15	10	15	10	86
BOCHICA COMPARTIR	1	3	3	3	2		1	13
BOCHICA I					1	2		3
BOCHICA III							1	1
BOGOTA SECTOR TEQUENDAMA		1			1			2
BOGOTA SUR - LA ESPERANZA						1	3	4
BOHIOS DE HUNZA		2		2			2	6
BOITA	1	7	8	3	4	7	10	40
BOLIVIA	3	4	11	16	9	6	6	55
BOMBAY				1	1	1	5	8
BONAIRE						1		1
BONANZA	7	9	7	9	13	10	12	67
BONANZA SUR					2		3	5
BOSA				1	16	27	33	77
BOSA CARBONEL II	7	3	7	13	7	4	7	48
BOSA CARBONELL I	3	3	3	2	1	4	2	18
BOSA CENTRO	17	8	19	20	9	14	10	97
BOSA LINDA	2	1	1	2		1	2	9
BOSA NOVA	6	1	4	1	3	2	2	19
BOSCANIA			1					1
BOSQUE CALDERÓN					6	8	4	18
BOSQUE CALDERON TEJADA			3	8			1	12
BOSQUE DE LOS LAGARTOS		1	1					2
BOSQUE DE LOS MOLINOS					9	8	2	19
BOSQUE DE LOS PINOS						1		1
BOSQUE DE PINOS II						1	2	3
BOSQUE DE SAN ANTONIO LOTE 8						1		1
BOSQUE DE SAN CARLOS	2	1	2	4	2	8	4	23
BOSQUE DE SUBA	1		4		1			6
BOSQUE EL LIMONAR	1					1	2	4
BOSQUE IZQUIERDO		4	1	6	1	3	1	16
BOSQUE POPULAR	5	5	10	12	19	7	20	78
BOSQUES DE CASTILLA					6	1		7
BOSQUES DE GRADANA			3	1	1		1	6
BOSQUES DE GRANADA II SECTOR					1		1	2
BOSQUES DE IBARI				1				1
BOSQUES DE MARIANA	2	5		3			1	11
BOSQUES DE MODELIA			3	3	2	2	1	11
BOSQUES DE SAN JORGE					2	1	1	4
BOSQUES DE SAN JOSÉ				1	12	9	5	27
BOSQUES DE SANTA TERESA					1			1
BOSQUES DE SUBA	3	3	2		1			9
BOSQUES DEL PORTAL						1	1	2
BOSTON	4	4	7	3			2	20
BOYACÁ	1	1	4	4	2	6	2	20
BOYACA REAL	3	6	5	8	8	4	10	44
BRASIL II SECTOR II ETAPA					2	3	3	8
BRASIL LÓPEZ Y PIÑEROS						1		1
BRASIL SECTOR BARRETO	9	5	6	4		1	1	26
BRASILIA				1		2		3
BRASILIA I SECTOR	4	6	8	14	12	5	6	55
BRASILIA II SECTOR				1		4		5
BRASILIA II SECTOR (VILLA BETTY)						1		1
BRASILIA III SECTOR					1			1
BRASILIA SUR		1	6	3	2	6	4	22
BRASILL II SECTOR						2	3	5
BRAVO PÁEZ	7	1	4	11	11	15	10	59
BRAZUELOS OCCIDENTAL			1			1		2
BRISAS DEL GALÁN						1	1	2
BRISAS DEL LLANO					1			1
BRISAS DEL POLO	1	1	1	1	3	3	5	15
BRISAS DEL VOLADOR			1			2	2	5
BRITALIA	3	2	3	4	7	3	10	32
BRITALIA ALTA					1	2	2	5
BRITALIA PORTALES DEL NORTE						1	1	2
BUENA VISTA	1	2	3		3	2	1	12
BUENA VISTA SECTOR A						1		1
BUENOS AIRES	2	1	2	5	4	3	4	21
C. COMERCIAL SALITRE PLAZA	1		2			1		4
C.A.D. IMPUESTOS	1							1
C.A.N.			1					1
CAJA DE VIVIENDA MILITAR					1			1
CALABRIA					1			1
CALANDAIMA				3		1	1	5
CALARCA			1	1		1		3
CALATRAVA	1	1	1			3	1	7
CALDAS	3	2		1	1	2	2	11
CALIFORNIA					1	3	3	7
CALIMA					2			2
CALIMA NORTE					1			1
CALLE REAL						1		1
CALLEJA DOS MIL					1	1	1	3
CALLEJÓN DE LA ESTANZUELA							1	1
CALLEJÓN DE SANTA BÁRBARA							1	1
CALLEJÓN DE SANTA BÁRBARA II SECTOR					1		1	2
CALVO MAC PHILIS							1	1
CALVO SUR	4		3	3	4	2	5	21
CAMARA DE COMERCIO					2			2
CAMELIA II SECTOR						1		1
CAMELIA NORTE							1	1
CAMELIA SUR					2	3		5
CAMENTERIO CHAPINERO						1	1	2
CAMILO TORRES						1		1
CAMINO DE LA ESTANCIA						1		1
CAMINO DE MODELIA						1		1
CAMINO DEL COUNTRY					1			1
CAMINO DEL PALMAR				1				1
CAMINO VERDE				1				1
CAMINO VIEJO DE SAN CRISTÓBAL					1	1	1	3
CAMPANELLA		1					1	2
CAMPANIA		1				1	1	3
CAMPIÑA					8	2	7	17
CAMPO ALEGRE				3	1			4
CAMPO DEPORTIVO USAQUÉN					1			1
CAMPO EUCARISTICO							5	5
CAMPO HERMOSO		1				4	2	7
CANADA	1		1	1		1	2	6
CANADÁ SECTOR LA GUIRA					1			1
CANAIMA	4	3		3	1	3	4	18
CANDELARIA III-IV	2	1	7	7	30	24	34	105
CANDELARIA LA NUEVA I SECTOR	11	12	19	33	3	13	9	100
CANTALEJO		1	4	2	3		8	18
CAÑAVERA					2	1		3
CAPELLANIA	1	2	12	10	3	7	10	45
CARACAS I-II-III	2	1		1		1		5
CARACOL				1	1	1	3	6
CARACOLÍ	4	1	3	1	2	3		14
CARCEL DISTRIAL				2		1	1	4
CARLOS LLERAS RESTREPO	3	2	4	4	4	6	1	24
CARMEN DEL SOL I SECTOR							1	1
CAROLINA				2				2
CAROLINA II SECTOR						1		1
CAROLINA ORIENTAL							1	1
CARTAGENA				1	1	2		4
CARVAJAL	22	24	32	46	33	42	44	243
CASA BLANCA					3	7	4	14
CASA BLANCA NORTE							1	1
CASA BLANCA SUBA  I	4		5	7				16
CASA BLANCA SUBA II				2	1			3
CASA DE TEJA	1			2	1		5	9
CASA GRANDE	3		1	2	2	3	2	13
CASA LOMA					2			2
CASABLANCA						1		1
CASABLANCA I	2	6			2	3	9	22
CASABLANCA II ETAPA	1							1
CASABLANCA III		1			1			2
CASALOMA II					1		1	2
CASANDRA			2		2			4
CASAVIANCA	1	1		1	1		1	5
CASTILLA LA NUEVA	19	26	27	43	15	11	18	159
CASTILLA REAL	1			2	18	20	25	66
CATALUÑA	3	1	7	6	12	7	10	46
CEDRITOS DEL SUR II						1		1
CEDRITOS SUR					2			2
CEDRO CLARO				2	3	1	1	7
CEDRO GOLF EL RODEO	6	5	6	8	1	6	2	34
CEDRO NORTE				1	3	4	3	11
CEDRO SALAZAR					2	6	3	11
CEMENTERIO (USME)				1				1
CEMENTERIO DEL SUR						1		1
CEMENTERIO EL APOGEO	1		1	1		1	3	7
CENTENARIO	4	2	10	6	7	1	6	36
CENTRO	47	36	13	11	30	22	24	183
CENTRO ADMINISTRATIVO	1	4	21	31	57	23	12	149
CENTRO ANTONIO NARIÑO		2	3	1	3	1	4	14
CENTRO CIAL PLAZA AMERICAS	8	8	1	5	6	4	2	34
CENTRO COM CENTROSUBA						1	1	2
CENTRO COM SUBA		1	2					3
CENTRO COMERCIAL ANDINO	1	3			1		1	6
CENTRO COMERCIAL BULEVAR	3		1	1		1		6
CENTRO COMERCIAL COLSEGUROS			2		3	3	5	13
CENTRO COMERCIAL METROPOLIS		1						1
CENTRO COMERCIAL TUNAL	1	1	1	1				4
CENTRO COMERCIAL UNICENTRO		1		1	1			3
CENTRO FONTIBÓN					19	18	10	47
CENTRO INTERNACIONAL	9	2	1	3	8	5	3	31
CENTRO NORTE USAQUÉN	3	10	26	22	13	4	7	85
CENTRO PUENTE EL PILAR						1		1
CENTRO USME	3	1	8	8	2	5	9	36
CENTROAMÉRICA				1				1
CEREZOS DE SUBA			1					1
CERRO MONSERRATE	5	6	2	2	3		2	20
CERROS DE NIZA					1	2	1	4
CERROS DE ORIENTE					1	1		2
CERROS DE SANTA BÁRBARA						2		2
CERROS DE SUBA		1					2	3
CERROS NORTE	5	1		1			5	12
CERVANTES					3	4	1	8
CHAPARRAL		1		1			1	3
CHAPINERITO	1		1	2	2	4	4	14
CHAPINERO ALTO	11	27	38	77	91	105	85	434
CHAPINERO CENTRAL	61	70	77	127	143	132	104	714
CHAPINERO NORTE	18	26	41	56	65	94	70	370
CHAPINERO SUR OCC.	8	5	12	15	18	5	6	69
CHAPINERO SUR OCCIDENTAL					10	2	4	16
CHARLES DE GAULLE	2		1			2		5
CHICALA	1	2	5	4	6	7	4	29
CHICO I	43	40	20	65	66	54	42	330
CHICO II	6	12	12	13	12	1	3	59
CHICO NAVARRA					26	15	14	55
CHICO NORTE I	12	11	20	33	26	19	19	140
CHICO NORTE II	4	7	10	10	13	3	4	51
CHICO NORTE II SECTOR				1	5	4	4	14
CHICO NORTE III SECTOR					2	1	1	4
CHICO RESERVADO	1	4	2		1			8
CHICO SUR	1	3	4	1	1	4	2	16
CHIPRE					1			1
CHUCUA EL BURRO				1	8		1	10
CHUNIZA	2	1	4	2	4	10	7	30
CINCO DE NOVIEMBRE URB.					1			1
CINTALAS III						1		1
CIUDAD BACHUE			1	1		6	1	9
CIUDAD BERNA	4	2	3	12	9	19	12	61
CIUDAD BERNA (FUCHA URB.)						1		1
CIUDAD BOGOTA					1			1
CIUDAD DE CALI	3	1	3	3	4	7	4	25
CIUDAD GALÁN	1		2	1		2		6
CIUDAD GRANADA	1	1		2		2		6
CIUDAD HUNZA	2	3	4	2		1	1	13
CIUDAD JARDIN	1	3	5	9	8	5	6	37
CIUDAD JARDIN SUR	2	3	12	20	26	21	22	106
CIUDAD KENNEDY CENTRAL	29	17	18	15	29	43	51	202
CIUDAD KENNEDY CENTRO CÍVICO D.L.F.	7	8	20	9	1			45
CIUDAD KENNEDY NORTE	4	1	4	4		1	3	17
CIUDAD KENNEDY OCC	2	1	3	3	1		2	12
CIUDAD KENNEDY SUR	1	1	2	2	3	5	3	17
CIUDAD SALITRE				3	28	37	30	98
CIUDAD SALITRE I	14	16	24	29	1	1	1	86
CIUDAD SALITRE II	7	9	19	32	36	19	24	146
CIUDAD SALITRE SPMZ 1 - 25					1			1
CIUDAD SALITRE SPMZ II - 3-6-9						1	1	2
CIUDAD SALITRE SPMZ III - 1 -2					1	2		3
CIUDAD SALITRE SPMZ III 14-15							1	1
CIUDAD SALITRE URBANISMO						1		1
CIUDAD SANTA ROSA		1			1	1		3
CIUDADEAL LA LIBERTAD II						1		1
CIUDADELA BOSQ SUBA	1		1					2
CIUDADELA CAFAM	4	2	2		1	1	1	11
CIUDADELA COLSUBSIDIO	6	9	15	20	16	15	11	92
CIUDADELA EL OASIS				1		1	1	3
CIUDADELA EL PORVENIR					7	1		8
CIUDADELA EL RECREO				1	1	1	1	4
CIUDADELA EL RECREO ETAPAS 1A-1B-2A					1	1		2
CIUDADELA INDUSTRIAL EL DORADO						1		1
CIUDADELA NVA TIBABUYES			1					1
CIUDADELA PARQUE DE LA ROCA						1		1
CLARET	11	9	6	22	22	17	12	99
CLARETIANO					1	1		2
CLASS	5	2	1	2	5		3	18
CLINICA DEL OCCIDENTE						1		1
CLUB DE LOS LAGARTOS		1	1		1			3
CLUB LOS ARRAYANES	1							1
COFRADIA	2	2	7	3	1	4		19
COLINA LINDA				1	25	16	19	61
COLMENA I							2	2
COLOMBIA	6	2	5	6	12	19	9	59
COLSEGUROS	1	1	1	2	3	3	1	12
COMFAMILIAR ASEGURADORA II					1		2	3
COMPARTIR	1	4	2	1	4	1	1	14
COMPENSAR II						1		1
COMPOSTELA II							2	2
COMPOSTELA III					1			1
COMUNEROS URB. LOS							1	1
CONDADOS DE CASTILLA	1	1	2	2	1	1	4	12
CONDOMINIO AEDES						1		1
CONJ. RES. RECODO DEL COUNTRY	1	1		1		1		4
CONJUNTO RESIDENCIAL AVENTURA PLAZA							1	1
CONJUNTO RESIDENCIAL EL BOSQUE					1			1
CONJUNTO RESIDENCIAL LA PRADERA					4	1	8	13
CONJUNTO RESIDENCIAL LA VALVANERA				1			2	3
CONJUNTO RESIDENCIAL LAS ORQUÍDEAS					1		1	2
CONJUNTO RESIDENCIAL LOS CRISTALES		2					1	3
CONJUNTO RESIDENCIAL MANUEL MEJIA		1		1				2
CONJUNTO RESIDENCIAL MIRAFLORES						1		1
CONJUNTO RESIDENCIAL VILLA MARÍA					1		1	2
CONJUNTO URBANO LA PRIMAVERA					1	1		2
CONTADOR	6	4	10	29	25	10	18	102
CORABASTOS	5	12	8	5	5	11	7	53
CORDOBA	1			3	5	4	2	15
COSTA RICA	3	3	4	4	3	2	6	25
COUNTRY PLAZA					2	5	5	12
COUNTRY SUR	2	1	4	12	19	14	19	71
CUNDINAMARCA	2	5	3	3	11	1	3	28
DANUBIO						1		1
DANUBIO AZUL	5		13	5	11	16	15	65
DANUBIO AZUL I Y II SECTOR							1	1
DANUBIO DEL SUR	1	1				1		3
DANUBIO II					1		1	2
DIAMANTE SUR					1			1
DIANA (ENVASES)					1	1		2
DIANA TURBAY	5	5	8	17	22	10	22	89
DINATEC						1		1
DINDALITO	10	3	2	2	4	14	14	49
DIVINO NIÑO				1		1		2
DIVINO SALVADOR	1	1	1			1		4
DOCE DE OCTUBRE					10	9	6	25
DOMINGO LAIN III					2		1	3
DUITAMA DESARROLLO		1	1	2				4
ECOPETROL							1	1
ECUALIPTOS DE LA COLINA							1	1
EDUARDO FREY	1	1	1		3	6	3	15
EDUARDO SANTOS	5	9	3	12	6	5	10	50
EGIPTO	4	4	7	18	12	10	6	61
EGIPTO ALTO					11	6	4	21
EL AGUINALDO					1			1
EL ALBUR					1			1
EL AMPARO	11	14	10	11	13	20	33	112
EL ANHELO	1		1		1			3
EL ARPA Y LA LIRA					1			1
EL ARRAYÁN							1	1
EL BOSQUE		2	3	1	1	1	1	9
EL BOSQUE CENTRAL						1		1
EL BOSQUE DE BOSA	2	2						4
EL BOSQUE SAN ANTONIO						2	1	3
EL BRILLANTE					1			1
EL CAMPIN	2	3	4	10	6	3	8	36
EL CAMPIN (COLISEO)				1	1		1	3
EL CAMPIN (ESTADIO)	1		1		1	2	1	6
EL CARMELO		3	1	1	2	3	4	14
EL CARMEN	1	2	4		2	6	5	20
EL CARMEN FONTIBÓN				1				1
EL CASTILLO				1	4	14	5	24
EL CEDRO				1	1		1	3
EL CENTENARIO	1	4	5	17	18	17	20	82
EL CEREZO		1		2			1	4
EL CEREZO Y SAN PEDRO						1		1
EL CERRO OCCIDENTAL IBIZA						1		1
EL CHILCAL				2		3	1	6
EL CODITO	4	3	10	9	15	7	9	57
EL CONDADO DE LA PAZ						1		1
EL CONSUELO			2	2	1	3	4	12
EL CORTIJO	6	4	6	9	8	10	11	54
EL CORZO				1	2	1		4
EL CURUBO		1		1		2		4
EL DANUBIO AZUL	1	2	1			1		5
EL DESCANSO	1					2		3
EL DIAMANTE	1	1				1		3
EL DIVINO NIÑO			3	1				4
EL DORADO	2	2	3	3	6	1	2	19
EL DORADO NORTE			1	2	3	1	1	8
EL EJIDO	1	2	4	5	8	6	9	35
EL ENCANTO	1	2	2	3	2	1	2	13
EL ENCENILLAL	3	3	5	2				13
EL ENSUEÑO						2	2	4
EL ESPARTILLAL	2	3	3	6	6	10	9	39
EL ESQUINERO						1		1
EL GRANADILLO					1			1
EL GRECO	2	1	2	5	3	2	2	17
EL GUAVIO					2	3	2	7
EL GUAYACÁN					1			1
EL JAPÓN	1						1	2
EL JARDÍN	1	2	2	3			1	9
EL JAZMÍN I SECTOR	4	4	2	3	4	6	3	26
EL JAZMÍN II SECTOR							3	3
EL JAZMÍN RURAL					3		1	4
EL JORDAN		1	2		1	1		5
EL LAGO DEL PARAÍSO							1	1
EL LAUREL	1		2	1	3	2	3	12
EL LIBERTADOR					2	10	2	14
EL LISTON		3	2	6	2	4	8	25
EL LLANITO					1		1	2
EL LLANITO URBANIZACIÓN			1					1
EL LUJAN	3		1	2	1	4		11
EL MATORRAL SAN BERNARDINO					1			1
EL MIRADOR	4		2	7	1			14
EL MIRADOR SUR I Y II			1		1			2
EL MOCHUELO ORIENTAL				1			1	2
EL MORISCO		2						2
EL MORTIÑO					1		2	3
EL MOTORISTA	2			3		1	1	7
EL MUELLE	5	3	7	5	3	7	4	34
EL MUELLE II						1		1
EL NEVADO			1		1			2
EL NOGAL	7	2	5	19	7	10	4	54
EL OASIS DEL SUR						1		1
EL OLIVO	1	2	1	1		2	1	8
EL PALMAR	2	1	3	3	5	1		15
EL PALMAR DOS			2					2
EL PALMAR UNO	1		1	2				4
EL PANTANITO				1		1	2	4
EL PAÑUELITO	1							1
EL PARAISO	2	1	3	2	3	2	1	14
EL PARAÍSO	7	9	7	2	2	4	5	36
EL PAREJO	3	2		1	1		1	8
EL PASEO		1	1	1	1	1	1	6
EL PATIO III SECTOR					4	4	4	12
EL PEDREGAL		1	3	3		1	1	9
EL PENCIL			1					1
EL PENSIL					3	3	1	7
EL PESEBRE			2	5	6	3	1	17
EL PINAR	10	6	17	25	13	16	18	105
EL PINAR DE LOS ÁLAMOS					1			1
EL PINO				1	7	4	19	31
EL PITE				1				1
EL PLAN							3	3
EL PLAYÓN - LA PLAYITA				5	1	2		8
EL POA	5	5	4	8	6	18	23	69
EL PORTAL	2	3	4	2	2	5	5	23
EL PORTAL DE J.J. VARGAS						5	1	6
EL PORTAL DE LA FRAGUA					1			1
EL PORTAL DE LAS MERCEDES	1			1	1		3	6
EL PORTAL DE PATIO BONITO					2	5	3	10
EL PORTAL DEL CENTENARIO							1	1
EL PORTAL II					1			1
EL PORTAL II SECTOR					3	2	1	6
EL PORTAL SUR ESTE			1	1				2
EL PORVENIR	7	15	21	21	14	25	32	135
EL PORVENIR II SECTOR							2	2
EL PORVENIR ZONA C			2	2				4
EL PROGRESO	2	1	2	4	1	2	2	14
EL PROGRESO II						1		1
EL PROVEEDOR			1					1
EL RAMAJAL					1	3	2	6
EL REAL					2	3		5
EL RECODO		2		4	5	3	5	19
EL RECREO	14	7	7	19	7	6	10	70
EL RECUERDO	3	2	7	6	10	12	16	56
EL RECUERDO SAN BERNARDINO					1		1	2
EL RECUERDO SAN JORGE ALTO					3			3
EL REFUGIO	1	4	3	8	4	6	4	30
EL REFUGIO DE LA COLINA II SECTOR	2	2						4
EL REFUGIO DE SAN ANTONIO							1	1
EL REFUGIO I	3	1		4	1	2	2	13
EL RESTREPO				1	35	23	23	82
EL RETIRO				4	35	29	38	106
EL RETIRO I	7	6	23	34		1	1	72
EL RETIRO II	2	1		1				4
EL RINCÓN				1	20	14	32	67
EL RINCÓN DE IBERIA					1			1
EL RINCÓN DE LA CAMAPIÑA							2	2
EL RINCÓN DE SUBA					2	1	1	4
EL RINCÓN DEL JURA					1			1
EL ROCIO	4	1		1	2	3		11
EL RODEO	1					1		2
EL ROSAL - MIRADOR						1		1
EL ROSARIO	1	2	4	2	7	3	3	22
EL RUBI	1	1	3			1	1	7
EL RUBÍ						1	1	2
EL RUBÍ I SECTOR				3	1	1		5
EL RUBÍ II SECTOR	1	1						2
EL SALITRAL II		1	1	1			1	4
EL SALITRE	7	4	5	8	9	6	9	48
EL SALITRE SUBA	6	3	4	4	4		1	22
EL SAUCEDAL						1		1
EL SOCORRO	1			2	2	2		7
EL TABOR							1	1
EL TANQUE	1		1		1			3
EL TAPETE	1	1	1	1	1	3	2	10
EL TESORITO					1	3	1	5
EL TESORO	1	1	5	6	1	5		19
EL TIEMPO	1							1
EL TINTAL				1	33	36	30	100
EL TINTAL A.S.D.			1	3				4
EL TINTAL CENTRAL						2	1	3
EL TRIANGULO					1			1
EL TRIUNFO	5	2	1	4	2	1	5	20
EL TROPEZON	2	2	1		2		2	9
EL TUNAL II				2	55	81	73	211
EL TUNO			1					1
EL UVAL				2				2
EL VERBENAL III SECTOR					2	3		5
EL VERGEL	2	2		5	7	4	7	27
EL VERGEL FONTIBÓN					1			1
EL VIRREY ULTIMA ETAPA					7	3	8	18
EMAUS			1	1	8	4	4	18
ENGATIVA	4	9	34	30	28	12	5	122
ENGATIVÁ ZONA URBANA					1		1	2
ENTRERIOS	2	3	3	4	4	2	4	22
ESCOCIA	5	1		2		2	2	12
ESCUELA DE CARABINEROS							1	1
ESCUELA MILITAR				1	2	3	5	11
ESPAÑOLA TERCERA ETAPA					3			3
ESPARTA						1		1
ESPINOS I	4	1	2	1	2	4	1	15
ESTACIÓN (EL TEJAR)					3			3
ESTACIÓN CENTRAL		1	4	4	3	4	4	20
ESTADOS UNIDOS	2	4	3	5	5	8	15	42
ESTRADITA ORIENTAL					2	1		3
ESTRELLA		1	2	4	2	3	2	14
ESTRELLA DEL NORTE						1	1	2
FÁTIMA	8	9	9	19	7	16	9	77
FE Y ALEGRÍA						1		1
FERIA INTERNACIONAL					1			1
FERIAS	16	22	21	38	33	21	17	168
FERROCAJA	1			2	5	5	7	20
FINCA LINTERAMA							1	1
FINCA NUEVA ZELANDIA					1	2	1	4
FINCA VENECIA						1		1
FIORITA							1	1
FISCALA ALTA			1		1	3		5
FLANDES	1	1	3	5	8	4	3	25
FLORALIA			6	4	1	4	2	17
FLORENCIA	1	4	3	7	4	4	6	29
FLORESTA DE SUBA (LA MESA)					1	1	1	3
FLORESTA SUR		2	2	2	3	1	3	13
FLORIDA BLANCA			3	4	12	7	6	32
FLORIDA SUR ALTO						3	1	4
FLORIDABLANCA NORTE			1	1				2
FONTANA						1		1
FONTANA DE CAPRI	2	1	1					4
FONTANAR DEL RÍO				1	2	3	4	10
FONTANAR DEL RÍO B					8	7	9	24
FONTIBON CENTRO	16	16	39	39	19	26	24	179
FONTIBÓN UNIDAD RESIDENCIAL						1	3	4
FRANCIA				1		1	1	3
FRANCISCO JOSE DE CALDASS	7	3	10	20	11	11	21	83
FRANCO		1	2	1	1	1	2	8
GAITAN	5	4	6	10	7	8	12	52
GALAN	17	8	10	19	32	20	33	139
GALERIAS	25	11	19	49	65	64	42	275
GARCES NAVAS	3	11	4	8	12	10	5	53
GERMANIA	17	1	5		5	7	7	42
GETSEMANI							1	1
GIBRALTAR	1		1	2		2	1	7
GILMAR	4	2	1	4	4	4	4	23
GINEBRA	2				1	1		4
GIRALDILLA II					2	2	1	5
GIRARDOT	8		4	2	6	1	4	25
GLORIA LARA DE ECHEVERRY II ETAPA	1	2	2	1	7	1	2	16
GOBAROA				3				3
GONZALO JIMENEZ			1	3	2	1	3	10
GORGONZOLA	4	4	6	15	13	14	8	64
GOVAROBA II							1	1
GRAN AMERICA	2	4	3	7	13	11	12	52
GRAN BRITALIA	17	14	15	39	35	24	50	194
GRAN COLOMBIANO	1	6	5	4	3	4	13	36
GRAN GRADANA I Y II							1	1
GRAN GRANADA	2	2	1		1		1	7
GRAN YOMASA				1	10	15	11	37
GRAN YOMASA II SECTOR					1			1
GRANADA					13	8	10	31
GRANADA NORTE	8	3	4	4	5	7	8	39
GRANADA SUR			2	5	3	11	6	27
GRANADA SUR III SECTOR							1	1
GRANCOLOMBIANO I SECTOR				1				1
GRANJAS DE TECHO		1		2	3	8	2	16
GRANJAS EL DORADO					3		1	4
GRATAMIRA	3	1	2	5	6	5	2	24
GUACAMAYAS III	3		1	3		1		8
GUACAMAYAS I-II	5	5	7	21	17	10	13	78
GUADALUPE			1		1	1		3
GUADUAL					2	5	1	8
GUADUAL FONTIBÓN							1	1
GUALI	1							1
GUATIQUIA URBANIZACIÓN					1	1	1	3
GUAVIO	6		3	6	1		1	17
GUICANI URBANIZACIÓN	1		1			1		3
GUILLERMO NÚÑEZ					1			1
GUIPARMA					1			1
GUSTAVO RESTREPO	8	4	17	38	28	34	32	161
HACIENDA CÓRDOBA NIZA VIII	1				1			2
HACIENDA EL CEDRO	1							1
HACIENDA LAS MERCEDES						3		3
HACIENDA LOS MOLINOS						1		1
HACIENDA SANTA BÁRBARA							1	1
HACIENDA SANTA BARBARA I SECTOR					6	10	3	19
HACIENDA TECHO LOTE 6					1			1
HB	1			2				3
HIPOTECHO OCCIDENTAL			1	4	13	15	27	60
HOLANDA	2	2	2	5	4	1	2	18
HORIZONTES							1	1
HOSPITAL DE BOSA				1				1
HOSPITAL DE FONTIBON	1							1
HOSPITAL DE KENNEDY				2				2
HOSPITAL LA GRANJA					1	1		2
IBERIA		1	2	3	6	5	5	22
ILARCO	4	1	2	1	1	2	1	12
INDUSTRIAL CENTENARIO II SECTOR					1			1
INDUSTRIAL CENTENARIO III SECTOR					1			1
INÉS ELVIRA				1				1
INESUR (URB. LOS MOLINOS)					1			1
INGLES	1	1	8	13	9	17	5	54
INTERINDUSTRIAL							2	2
INTERNACIONAL				1	2			3
ISABELA I					1		1	2
ISLA DEL SOL	6	2	2	2	2	4	7	25
ISLANDIA	2	1	1	3		1	2	10
ISRAELITAS		1					1	2
JABOQUE				3	2	3	2	10
JACQUELINE	2	1	2		3	7	1	16
JAIME BERMEO					1			1
JAKELIN				1			3	4
JARDÍN	1			1				2
JARDÍN DE SAN JORGE					2		1	3
JARDÍN SAN JORGE					1	2		3
JAVA I SECTOR	1	1	6	1		3		12
JAVA II SECTOR	1				1		1	3
JAZMÍN OCCIDENTAL							1	1
JERICO	1			2			1	4
JERUSALÉN	2	5	1	1	4	1	6	20
JIMÉNEZ DE QUEZADA	3	1	2	2				8
JORDAN				1			1	2
JORGE CAVALIER			1					1
JORGE GAITAN CORTES		1			3		2	6
JORGE URIBE BOTERO			1	1				2
JOSE ANTONIO GALAN	7	6	5	6	6	7	3	40
JOSÉ DOMINGO LAIN	1	1	1	1				4
JOSE JOAQUIN VARGAS	6	11	6	18	13	8	8	70
JOSÉ JOAQUÍN VARGAS					1		2	3
JOSÉ MARÍA CARBONEL I Y II ETAPA						1		1
JUAN AMARILLO			1					1
JUAN JOSE RONDON				1	1			2
JUAN JOSÉ RONDON	2	3	5	3	3	2		18
JUAN PABLO II	2	6	4	5	4	8	9	38
JUAN REY	2	5	8	4	4	2	6	31
JUAN XXIII		2	1	1	3	4	3	14
JULIO FLOREZ	4	3	1	10	7	5	1	31
JUNCA Y MONTECITOS					1			1
KASANDRA				2	1		2	5
LA ACACIA						2	3	5
LA AGUADITA		1	1	1	1		2	6
LA AGUADITA II					1			1
LA ALAMEDA		3	1	3	22	25	19	73
LA ALAMEDA DEL SUR						1	1	2
LA ALDEA				2		2	5	9
LA ALMERÍA							1	1
LA AMISTAD	5	4	6	4	3	4	3	29
LA AMISTAD BOSA					7	1	3	11
LA ANDREA					4	1	2	7
LA AURORA					2	5	5	12
LA AURORA I SECTOR	4	6	16	13	10	10	9	68
LA AURORA II SECTOR					2	2	3	7
LA AZUCENA A	3	6	1	2	3	2	4	21
LA BELLEZA				2	1	2	2	7
LA CABAÑA	2	1	3	3	7	13	8	37
LA CABAÑA Y LA SUERTE	2	1	1		3	2	1	10
LA CABRERA	2	10	13	20	26	9	16	96
LA CALLEJA	4	8	8	16	12	16	10	74
LA CAMELIA	1	1	3	3		1		9
LA CAMPINA		1						1
LA CAMPIÑA				1	2	1	1	5
LA CANDELARIA	50	30	18	29	35	23	17	202
LA CAÑIZA SECTOR I	2	1		2				5
LA CAÑIZA SECTOR III					1			1
LA CAPELLANIA					1			1
LA CAPILLA				1	1			2
LA CAPUCHINA	11	10	18	47	41	31	20	178
LA CARBONERA				1				1
LA CAROLINA	1	2	2	2	8	13	1	29
LA CASTAÑA	1	1		1	1		2	6
LA CASTELLANA	9	5	12	22	32	31	23	134
LA CATALINA						1		1
LA CATEDRAL	6	14	24	65	40	37	22	208
LA CHUCUA NORTE		2		5	6	2	3	18
LA CITA	1	4	1	2	2		1	11
LA CLARITA	4	5	7	3	5	2	8	34
LA COLMENA		1	2	2	2	2	2	11
LA COLONIA ORIENTAL					4	2	1	7
LA CONCEPCION	2	3	8	4	6	6	4	33
LA CONCORDIA	4	5	6	15	12	12	5	59
LA CONCORDIA I			2		1	1		4
LA CONEJERA II ETAPA				2		1	1	4
LA CONSOLACIÓN					3	1	3	7
LA CUMBRE				1		1		2
LA DESPENSA					3	1	2	6
LA ESMERALDA	14	11	14	26	21	24	24	134
LA ESMERALDA SUR	2							2
LA ESPAÑOLA	1	1	3	7	6	7	6	31
LA ESPERANZA	5	10	10	10	21	32	18	106
LA ESPERANZA DE TIBANICA					1		2	3
LA ESPERANZA I	1	3	2	5	2	2	1	16
LA ESPERANZA II		1	2			1	1	5
LA ESTACIÓN	20	15	17	16	16	14	9	107
LA ESTACION IMPERIAL							2	2
LA ESTANCIA	9	11	17	7	11	7	4	66
LA ESTANCIA BAJA			1		1		1	3
LA ESTANZUELA	2	2	7	11	9	16	8	55
LA ESTANZUELA CENTRAL					2	1		3
LA ESTRADA	9	3	6	7	5	10	4	44
LA ESTRADITA	2	1	1		3	1	5	13
LA ESTRELLA					1	5	3	9
LA ESTRELLA DEL SUR		3		1	1	6	4	15
LA ESTRELLA NORTE				1			2	3
LA ESTRELLA SECTOR LAGOS	3	1	4	1				9
LA ESTRELLITA					1			1
LA EUROPA	1	2		1		1	2	7
LA FAENA	1			1	1		3	6
LA FAVORITA	3	8	15	29	33	52	36	176
LA FELICIDAD		1	3	3	10	4	4	25
LA FISCALA	1	1	3	2	3	4	2	16
LA FLORA ALTA	1		2		1	1		5
LA FLORESTA					4	1	1	6
LA FLORESTA NORTE		2		1				3
LA FLORIDA	1	10	12	13	6	11	5	58
LA FLORIDA IV SECTOR	1				2		1	4
LA FORTALEZA				1	1			2
LA FRAGUA	6	1	1	8	8	12	6	42
LA FRAGUITA ZONA INVADIDA	2		4	4	5	3	1	19
LA FRANCIA	2	2		1	1		1	7
LA GAITANA	22	5	8	22	24	20	39	140
LA GIRALDA	1		6	2	5	3	5	22
LA GIRALDILLA		1	1			2		4
LA GLORIA	1		6	10	1	3	5	26
LA GLORIA BAJA					2	1	3	6
LA GRANJA	2	4	6	10	9	14	13	58
LA GRANJA EL CARMEN						2		2
LA GRANJA NORTE					1	2		3
LA HERRADURA				2	2	7	3	14
LA HORTUA				2	1	2	2	7
LA IGUALDAD	5	7	5	5	8	4	9	43
LA ILUSION		1						1
LA INDEPENDENCIA		1				1	2	4
LA ISABELA I	1	2	1	3	4	1		12
LA ISABELA II			1				1	2
LA JOYITA					1			1
LA LAGUNA	2	2	1	2	8	2	5	22
LA LAGUNA DE FONTIBÓN					2	3	1	6
LA LIBERIA	1			1		3	5	10
LA LIBERTAD				2	6	11	9	28
LA LIBERTAD I	12	1	3	6		2	2	26
LA LIBERTAD II		2	2	3			1	8
LA LLANURA				1				1
LA MACARENA	5	10	4	10	10	8	7	54
LA MAGDALENA		2	6	7	18	13	10	56
LA MARIA	1		1	2	3	6	4	17
LA MARÍA SUR							1	1
LA MARICHUELA	2	2	3	6	2	7	12	34
LA MARQUEZA					2	1	1	4
LA MERCED		1	6	9	6	5	1	28
LA MERCED NORTE		2	1	1	1	1	4	10
LA ORQUÍDEA III SECTOR						1		1
LA PALESTINA				1	6	2	2	11
LA PALMA	1						1	2
LA PAMPA II					1	1		2
LA PATRIA					4	3	6	13
LA PAZ	34	20	13	22	11	21	5	126
LA PAZ BOSA						3	2	5
LA PENINSULA				1		6	2	9
LA PEÑA		1		2	2		1	6
LA PEPITA	2	6	1	3	3	7	1	23
LA PERLA		1	2		1		1	5
LA PERLA ORIENTAL				1				1
LA PERSEVERANCIA	21	13	10	12	12	16	6	90
LA PICOTA				1	2		2	5
LA PLAYA	2			2	2	1	3	10
LA PLAYA - LA VICTORIA						1		1
LA PLAYA II							1	1
LA PONDEROSA	2	2	1	1	3	1	1	11
LA PORCIUNCULA	8	9	14	40	29	10	21	131
LA PORTADA						1	1	2
LA PRADERA NORTE	4		3	4	6	7	8	32
LA PRIMAVERA				1	1	2	6	10
LA PRIMAVERA NORTE	9	8	2	4	1	2	4	30
LA PRIMAVERA NORTE I SECTOR							2	2
LA PRIMAVERA NORTE II SECTOR							1	1
LA RECONQUISTA			1					1
LA REGADERA SUR					1			1
LA RELIQUIA	1							1
LA RESOLANA						1		1
LA RESURRECCIÓN II			5	5	3	5	5	23
LA RIVERA	2	3	4	3	3	2	2	19
LA RIVERA II SECTOR					1			1
LA RIVIERA		1			2	3	4	10
LA ROCA	3	1		1			3	8
LA ROSITA	1		1	1	4		2	9
LA SABANA	6	5	7	6	11	8	13	56
LA SALINA							1	1
LA SALLE	1		7	8	7	10	4	37
LA SERENA	2	6	3	10	7	4	4	36
LA SOLEDAD	15	9	23	37	38	42	32	196
LA SOLEDAD, SAN JOSÉ NORTE						1	1	2
LA SULTANA	2	1			2			5
LA TORTIGUA					1			1
LA TOSCANA	7	2	1	3	4	5	9	31
LA TRINIDAD		1		3	1		2	7
LA URIBE	3	9	7	17	19	20	18	93
LA VEGUITA BOSA		1						1
LA VERACRUZ	7	22	21	64	41	18	7	180
LA VICTORIA	6	6	10	15	19	10	29	95
LA VICTORIA NORTE	6	2	2	8		2	1	21
LA Y SUR ESTE	1		1	1	1			4
LAGO DE CHAPINERO	5	15	15	16	9	13	4	77
LAGO GAITAN	4	3	8	20	23	36	25	119
LAGOS DE SUBA	2	1	3	4	4	6	8	28
LAS ACACIAS	5	3	5	4	2	7	3	29
LAS AGUAS	23	12	22	55	56	50	46	264
LAS AMERICAS	10	8	15	16	25	23	23	120
LAS BRISAS	3	2	5	4	1	5	4	24
LAS CANTERAS	1		1	2	2	3		9
LAS COLINAS	6	2	6	8	12	18	22	74
LAS COLUMNAS	2		1			2	1	6
LAS CRUCES	31	25	21	30	30	24	33	194
LAS DELICIAS	6	7	9	8	5	12	15	62
LAS DOS AVENIDAS	1			1	3	3	6	14
LAS FERIAS				3	13	12	7	35
LAS FERIAS OCCIDENTAL	2	5	9	2	1			19
LAS FLORES	5	1	9	10	6	8	8	47
LAS FLORES I							1	1
LAS GALIAS					1			1
LAS GAVIOTAS URB.					3	1	1	5
LAS GRANJAS	4	4	4	3		1	1	17
LAS HUERTAS				1				1
LAS MALVINAS		1						1
LAS MANITAS				1			1	2
LAS MARGARITAS	7	8	12	25	26	42	40	160
LAS MARGARITAS I Y II					1			1
LAS MARGARITAS III					1			1
LAS MERCEDES	3	3	5	4	1		6	22
LAS NIEVES	23	27	46	72	58	52	63	341
LAS ORQUÍDEAS	5	2	6	2	3	6	10	34
LAS PALMERAS	1					1		2
LAS PALMITAS						1		1
LAS TERRAZAS					1			1
LAS TORRES	1		3	3	2	3		12
LAS VEGAS			1	2	1	1		5
LAS VEGAS DE POTOSÍ			1					1
LAS VILLAS DE MARIANA					2			2
LAS VILLAS I SECTOR	7	7	3	7	5	4	10	43
LAS VILLAS II SECTOR							1	1
LAS VIOLETAS							1	1
LAS VIVIENDAS						1		1
LAUELES II						1		1
LAURELES LA ESTACIÓN					3	5	2	10
LIBERTADOR SUR	4	1	2	6	3	3	4	23
LIBERTADORES	1	1	1	1		3	4	11
LIJACA	5	1	1	1	3	4	8	23
LINTERAMA	1	1		1	1			4
LISBOA	14	7	11	14	9	14	21	90
LITUANIA							1	1
LLANO GRANDE	1	2	1	7	11	12	18	52
LLANO ORIENTAL	1							1
LLANOS DE BOSA	2	2				1		5
LOA ANDES					1			1
LOMBARDIA II	6	4	5	7	17	8	10	57
LOMBARDIA III					2		1	3
LONDRES		2	3	1				6
LORENZO ALCANTUZ I SECTOR	1			1		2		4
LORENZO ALCANTUZ II SECTOR						1		1
LOS ÁLAMOS	8	12	16	25	1	4		66
LOS ALCAPARROS DE SUBA							1	1
LOS ALMENDROS			2		1	3	2	8
LOS ALMENDROS II SECTOR					1			1
LOS ALPES		2	2		1	3	1	9
LOS ANDES	3	7	3	8	7	13	4	45
LOS ANDES SECTOR V NUTIBARA					1	1		2
LOS ANGELES		3	6	3	2	1	2	17
LOS ARRAYANES II					1			1
LOS AZAFRANES				1				1
LOS BUGANVILES					1			1
LOS CAMBULOS			1		1			2
LOS CAMPOS				1				1
LOS CEDRITOS	27	25	35	56	74	56	62	335
LOS CENTAUROS				1				1
LOS CERECITOS					2			2
LOS CEREZOS	2	2	4	3	2	3	6	22
LOS CERROS	1							1
LOS CHIRCALES					1			1
LOS COMUNEROS		1	1			2	2	6
LOS FAROLES		1						1
LOS GRUPOS					1	1	1	3
LOS HAYUELOS	15	17	22	39	24	26	35	178
LOS LACHES	4	5	1	5	6	1	3	25
LOS LAURELES	23	6	13	15	8	4	7	76
LOS LAURELES SABANAS DEL DORADO					2			2
LOS LAURELES SECTOR II					1			1
LOS LIBERTADORES					1		2	3
LOS LIBERTADORES SAN JOSÉ						1	1	2
LOS LIBERTADORES SECTOR SAN ISIDRO						1		1
LOS MOLINOS DEL SUR	1		1		5	5	11	23
LOS MOLINOS DEL VIENTO					2		1	3
LOS MOLINOS I SECTOR	5	4	15	23	2	1	5	55
LOS MOLINOS II SECTOR	3	2	2	7	1			15
LOS MONJES	2	2	6	5	5	4	3	27
LOS NARANJOS	5	10	4	18	6	4	8	55
LOS NARANJOS ALTOS					1	1		2
LOS NARANJOS EL RETAZO	1			3				4
LOS OLIVARES			2					2
LOS OLIVOS						3	1	4
LOS PERIODISTAS	1	2		1	3	5	4	16
LOS PIJAOS	1	1	2	4	2	4	9	23
LOS PINARES						1	1	2
LOS PINOS		1		2	1		1	5
LOS PINOS DE SUBA							1	1
LOS PUENTES				1				1
LOS ROSALES	3	4	6	19	9	3	4	48
LOS SAUCES		1	3	3		3	2	12
LOS TEJARES DE SUBA						1		1
LOS TRES REYES - I ETAPA	2	2			1	1	1	7
LOS TRES REYES II SECTOR					1			1
LOS URAPANES					1	1		2
LOS VIRREYES II		1			3	2	1	7
LOTE EN MORATO						1		1
LOURDES	9	12	19	26	31	20	12	129
LT SAN MIGUEL						1		1
LUCERO ALTO	5	4	8	6	12	9	6	50
LUCERO BAJO					4	9	8	21
LUCERO BAJO SECTOR LA CONQUISTA						3		3
LUCERO MEDIO	7	1	3		2	1	2	16
LUCERO SUR BAJO	2	5	6	5		2	1	21
LUIS CARLOS GALAN	1		2		1	1	3	8
LUIS CARLOS GALÁN							1	1
LUIS LÓPEZ DE MEZA	1		2			2	3	8
LUJAN					1			1
LUNA PARK I SECTOR						1	3	4
LUNA PARK II SECTOR					1			1
LUSITANIA	1		3	3		5	1	13
LUZ MARIA FERNANDEZ				1				1
MACARENA		3	5	16	12	13	2	51
MACARENA LA Y YULI FERNANDA					1			1
MACONDO Y CARMEN							1	1
MADERAS DE LA SABANA					1		1	2
MAKRO							1	1
MALLORCA	1		1	1		1		4
MALVINAS							1	1
MANAGUA					1			1
MANDALAY I ETAPA	7	7	12	16	20	30	26	118
MANDALAY SEGUNDO SECTOR					1	1		2
MANUELA BELTRAN BOSA				1				1
MANUELITA ARLUZ					1			1
MANUELITA II SECTOR					1			1
MANZANARES			2		1		1	4
MARANDU		2	1	1	5	1	2	12
MARANTA				4	1	2	2	9
MARATU		1		1				2
MARBELLA							2	2
MARCELA						1		1
MARCO FIDEL SUAREZ	2	2	8	4	8	12	5	41
MARCO FIDEL SUAREZ II SECTOR							1	1
MARÍA CANO	1				1			2
MARIA CRISTINA			1	2	1	2		6
MARIA PAZ	6	5	10	17	21	27	31	117
MARISCAL SUCRE	9	3	1	5	2	3	2	25
MARLY	8	15	29	72	55	50	53	282
MARTIRES	3		13	12	18	13	14	73
MATATIGRES							4	4
MEDITERRÁNEO						1	1	2
MEISSEN	5	5	6	2	4	4	6	32
MERCED SUR SAN IGNACIO							2	2
METROPOLIS	3	11	7	8	11	4	8	52
METROPOLIS OCCIDENTAL	1	2	1		1	1	1	7
MÉXICO	3		3	1		1	4	12
MÉXICO III						1		1
MIAMI					1		1	2
MILENTA	2		4	8	2	8	4	28
MILLÁN LOS SAUCES				1	2	5	1	9
MINUTO DE DIOS	7	6	6	9	14	15	17	74
MIRADOR - NUTIBARA	2	1			1			4
MIRADOR DE LA PRIMAVERA					1			1
MIRADOR DE LOS MOLINOS II SECTOR					1			1
MIRADOR DEL NORTE			1					1
MIRADOR EL							1	1
MIRAFLORES			1					1
MIRAFLOREZ	1				1	1	1	4
MIRAMAR					1	1	1	3
MODELIA	25	33	48	46	54	53	61	320
MODELO	13	16	10	29	18	21	12	119
MODELO II						1		1
MODELO SUR				2	1	12	4	19
MOLINOS DE VIENTO			1	1	1		1	4
MOLINOS DEL SUR				2	14	17	14	47
MÓNACO				3				3
MONTE BELLO	3	1	1	2	3	5	2	17
MONTE CARLO						1		1
MONTEBLANCO	4	2	4	2	4	2	4	22
MONTECARLO						2	1	3
MONTEVIDEO	3	6	9	7	12	15	15	67
MORALBA						1		1
MORALIA II			1			1	1	3
MORATO	4	5	1	1	1	2	5	19
MORAVIA	1		2	1	1	2	2	9
MUEQUETA	2	2	1	2	1	1	1	10
MULTICENTRO	2		1	3	1		1	8
MULTIFAMILIAR VILLA EMILIA						1		1
MULTISERVITA					7		1	8
MULTISERVITA P-3 INSCREDIAL	1	4		1				6
MUNICIPIO DE USAQUÉN			2	1		2	1	6
MURILLO TORO				4	1			5
MUSEO DEL CHICO			1				1	2
MUZU	1	4	3	8	14	12	14	56
NACIONES UNIDAS		2	1	2		2		7
NARIÑO SUR	1		3	4	6	7	12	33
NAVARRA	9	4	19	31	23	19	24	129
NICOLAS DE FEDERMAN	2	9	15	11	18	23	21	99
NICOLÁS ESCOBAR						1		1
NIZA NORTE	1		1	4	10	9	9	34
NIZA SUBA	16	11	16	28	2	3	5	81
NIZA SUR I					1		4	5
NIZA XII	3	1	1	1	3			9
NO REPORTADO	1		7	20	3			31
NOGALES DE SUBA		1	2			1		4
NORMANDIA	29	20	25	39	27	36	28	204
NORMANDÍA I SECTOR					1	1		2
NORMANDÍA II SECTOR							1	1
NORMANDIA OCCIDENTAL		2	3	5	1	5	2	18
NUEVA ARGENTINA			1		1		1	3
NUEVA CALIFORNIA						1		1
NUEVA COLOMBIA	1		1	1	2			5
NUEVA DELLY			1		2		4	7
NUEVA ESPAÑA		1					2	3
NUEVA GLORIA	2		1		1	1		5
NUEVA GRANADA	10	6	4	10	4	2	6	42
NUEVA JERSEY			1		1			2
NUEVA MIAMI	1	2						3
NUEVA SANTAFE	2	1	1	3		1	1	9
NUEVA TIBABUYES	2			1	3	3	3	12
NUEVA URB. SAN LUIS					2	1	1	4
NUEVA USME					1	3	2	6
NUEVA VILLEMAR					1		1	2
NUEVA YORK		1	3	2	3	6	2	17
NUEVAS DELICIAS						1		1
NUEVO CAMPIN			2	2		1		5
NUEVO CHILE	2							2
NUEVO CORINTO				1	2	2	2	7
NUEVO KENNEDY		3	5	14	2	12	10	46
NUEVO MUZO II SECTOR I ETAPA					6	7	3	16
NUEVO MUZU I SECTOR	3	2	3	4	1	1	6	20
NUEVO PORVENIR						1	2	3
NUEVO SAN LUIS						1	2	3
NUEVO SUBA						1		1
NUEVO TIMIZA	3	1	1	5	16	15	16	57
NVO.CORINTO SUBA							1	1
OBRERO ANTONIO RICAURTE						2		2
OCHO DE DICIEMBRE						2	1	3
OIKOS	1							1
OINAR DEL CONTRY NORTE			2		4	1	1	8
OLARTE	5	7	9	16	12	20	19	88
OLAYA	10	2	7	27	30	31	47	154
OLIVOS	1							1
ONASIS	2	1	1	1	4	4	1	14
ONCE DE NOVIEMBRE			1	4	4	1	2	12
ONEIDA		1	1	5	6	7	5	25
ORQUÍDEAS				2				2
ORTENZAL			1		3			4
OSORIO DIEZ				1				1
OSPINA PÉREZ			1	2		2	1	6
PABLO SEXTO	3	3	5	5	5	3	2	26
PABLO VI	1		1	2	1	3	1	9
PABLO VIH					2	2		4
PALERMO	3	2	1	2	19	27	27	81
PALERMO III SECTOR					1			1
PALERMO NORTE	15	4	13	37	1			70
PALERMO SUR	4	2	8	7	7	2	7	37
PALERMO SUR - BRISAS					2	4	3	9
PALERMO SUR - SANA FONSECA					1		1	2
PALERMO SUR LAS BRISAS					1	1	1	3
PALESTINA	12	14	11	9	9	3	7	65
PALMA ALDEA					1		1	2
PALO BLANCO	1	1		3			1	6
PALOQUEMAO	6	4	10	22	14	16	20	92
PANAMERICANO	1	1		2	1			5
PANORAMA					1			1
PANORAMA (ALTAMIRA)							1	1
PARCELACIÓN EL PORVENIR					1			1
PARCELACIÓN EL VERGEL						1		1
PARDO RUBIO	3	3	2	9	4	3	6	30
PARIS FRANCIA					1			1
PARIS GAITAN	2	2	5		5	1	1	16
PARQUE BOSA PLAZA CENTRAL					2			2
PARQUE DE FONTIBON	1	1						2
PARQUE DE MILENTA II ETAPA							2	2
PARQUE EL SALITRE		1		2	1	1	2	7
PARQUE EL TUNAL	2	1	3	5	2	7	4	24
PARQUE LOS NOVIOS				1				1
PARQUE NACIONAL	8	2	4	6	9	6	4	39
PARQUE RESIDENCIAL NAVARRA							1	1
PARQUE SIMON BOLIVAR	1	6	6	5	4	4	8	34
PARQUES DE LA FLORIDA		1						1
PASADENA ROYAL					8	4	7	19
PASEO DE LA COLINA							1	1
PASO ANCHO						1		1
PASTRANITA I		1	1	3	8	3	3	19
PASTRANITA II						1		1
PATIO BONITO I	25	33	30	49	65	73	118	393
PATIOS				1				1
PATRIA	1		3	2	4	2		12
PENITENCIARIA LA PICOTA					1			1
PEÑÓN DEL CORTEJO III SECTOR						1		1
PEPITA URB. LA						1		1
PERDOMO	6	6	11	17	20	20	11	91
PERDOMO ALTO	1	1	2	1	7	6	7	25
PERPETUO SOCORRO	2	4	5	5	5	7	7	35
PIAMONTE	18	13	21	16	23	17	14	122
PINAR DE LOS ALAMOS					1	1	1	3
PINAR DEL RIO		2	2	1	1	5	4	15
PINARES				1			1	2
PINO ALTO							2	2
PINOS DE MARSELLA						4		4
PIO X KENNEDY						1	3	4
PIO XII	2	1	2	3	6	8	11	33
PLAN CANTERAS					1			1
PLAZA DE BOLIVAR		1	1	2		2		6
PLAZA DE LAS FLORES	1	1		2		1	1	6
PLAZA DE PALOQUEMAO	1			1				2
PLAZUELAS DEL VIRREY	2		2	3	2	1		10
PLAZUELAS DEL VIRREY III ETAPA					1			1
POLICARPA SALAVARRIETA				4	12	7	3	26
POLO CLUB	13	8	25	46	56	54	65	267
POLO DEL COUNTRY							1	1
POLO OCCIDENTAL					1	1	2	4
PORTADA						1		1
PORTAL DE ALCALÁ					1			1
PORTAL DE LA VEGA					1			1
PORTAL DE LAS AMERICAS	1	1	2	2	1	1	8	16
PORTAL DE SAN CARLOS					2	1	1	4
PORTAL DE SANTA INÉS						1		1
PORTAL DEL DIVINO					1	1		2
PORTAL DEL LLANO				2		1		3
PORTAL DEL RINCON					2			2
PORTAL II ETAPA							1	1
PORTALES DEL NORTE		1	1	6	4	3	5	20
PORVENIR LA CONCEPCIÓN					2	2	1	5
POTOSI	1	2	5	3	3	4	2	20
POTOSÍ		1	2	3	3	1	4	14
POTRERILLOS DE SUBA		1	1	1	2	1	4	10
POTRERITO	1			1			1	3
PRADO ALTO					2		1	3
PRADO CENTRAL				1	2	7	2	12
PRADO CHESTNUT - HILL	1	1		1				3
PRADO PINZON	6	5	1	6	5	8	4	35
PRADO SUR				1		1		2
PRADO SUR SECTOR LA VILLA					1			1
PRADO VERANIEGO	21	10	10	16	22	18	20	117
PRADO VERANIEGO NORTE	1	1	1	3	2	4	1	13
PRADOS DE ALAMEDA		1		1			1	3
PRADOS DE SANTA BÁRBARA			2	1				3
PREDIO CORINTO	3	2					1	6
PREDIO SANTA ANA					1			1
PREDIO SANTA CECILIA					1		2	3
PREDIO SANTA LUCIA						2		2
PREDIO TINTAL CENTRAL						1		1
PRIMAVERA		5	2	2	1	1		11
PRIMAVERA II						1	1	2
PRIMAVERA NORTE		1	1		2			4
PRIMAVERA NUEVA	2	1		1	4	1	3	12
PRIMAVERA SUR OCCIDENTAL							1	1
PRIMERO DE MAYO	1		1	2	1		1	6
PRÍNCIPE DE BOCHICA	3	3	5	7	8	3	7	36
PROGRESO II SECTOR LA REFORMA	1		1	2	2	2	3	11
PROTABACO BOSA						1		1
PROTECHO BOGOTA II ETAPA I	3			3			2	8
PROVENZA	1	2						3
PROVIDENCIA	2				1	4	1	8
PROVIDENCIA ALTA	1		1		1			3
PROVIVIENDA NORTE						1	1	2
PUEBLO NUEVO	1	1	2	1				5
PUEBLO VIEJO							1	1
PUENTE COLORADO		1		1				2
PUENTE GRANDE	1	1		1	3	3	4	13
PUENTE LARGO	4	2	6	3	11	8	11	45
PUERTA AL LLANO					3	2		5
PUERTA DE TEJA		1	5	4	9	4	9	32
PUERTO AMOR				1				1
PUERTO RICO		1	1	2	1	1	2	8
QUESADA	1	1	4	12	16	20	8	62
QUIBA					1	2		3
QUINABE					1		1	2
QUINDIO	1	2	1	1	2		4	11
QUINTA CAMACHO	4	9	16	42	37	43	43	194
QUINTA MUTIS		1	1	1	3	3	4	13
QUINTA PAREDES	4	2	8	19	13	10	9	65
QUINTA RAMOS					4	3	2	9
QUINTA RAMOS I-II		1	2					3
QUINTAS DE SANTA BARBARA							1	1
QUINTAS DE SANTA CECILIA						2	1	3
QUINTAS DEL PLAN SOCIAL			3		3	1		7
QUIRIGUA I	9	3	19	16	11	12	15	85
QUIRIGUA II				2				2
QUIRINAL	1				1	2	5	9
QUIROGA IHS ETAPA				1	28	37	44	110
QUIROGA VII ETAPA					9	13	17	39
RAFAEL							1	1
RAFAEL ESCAMILLA					3	3		6
RAFAEL NUNEZ	2		3	3	3	1	9	21
RAFAEL URIBE		1	1	3	3	6	2	16
RAMAJAL		1	2	4		2	1	10
RANCHO GRANDE						1		1
RECODO DEL RESTREPO DESARROLLO	36	19	35	65				155
RECUERDO						1		1
REFUGIO SECTOR SANTA LIBRADA					1			1
RENANIA I ETAPA					1			1
REPUBLICA DE CANADA	1			1	1			3
REPUBLICA DE VENEZUELA							1	1
RESTREPO					44	51	81	176
RESTREPO SECTOR LUNA PARK			2	5	1			8
RESURRECCIÓN			1	3		2	1	7
RICAURTE	17	20	29	41	56	65	103	331
RICAURTE OCCIDENTAL					3	1	3	7
RINCÓN DE BOYACÁ						1		1
RINCÓN DE BRITALIA						1		1
RINCÓN DE GALICIA					2	3	1	6
RINCÓN DE LA COLINA					1			1
RINCON DE LOS ANGELES		1	2	3	3	1	4	14
RINCÓN DE LOS MOLINOS							1	1
RINCÓN DE MANDALAY							1	1
RINCON DE MODELIA	1		1					2
RINCÓN DE SUBA					2	2	3	7
RINCÓN DE VENECIA	5	1	1	1	2	1		11
RINCÓN DE VENECIA II SECTOR							1	1
RINCÓN DEL CHICO	6	14	6	14	2	4	1	47
RINCON DEL SALITRE			2					2
RINCON DEL VALLE				1				1
RINCON SANTO	1							1
RINCON VILLA MAYOR	1					1		2
RÍO DE JANEIRO - EL PESEBRE	1	1		1				3
RIO NEGRO NORTE	9	5	7	14	25	16	20	96
RIVERAS DE OCCIDENTE		4	2	1	1	4		12
ROCÍO ORIENTAL					1		1	2
RODRIGO LARA BONILLA							1	1
ROMA	11	14	15	9	9	9	15	82
ROSALES				1	4	8	1	14
RUBI		1	2		1	1	1	6
RUBICAR					1		1	2
RUBIO SANTANDER					1	1	2	4
SABANA GRANDE	1	4	18	14	8	29	21	95
SABANAS DEL DORADO	1	3			3			7
SAGRADA FAMILIA							1	1
SAGRADO CORAZON	2	1	9	28	26	21	12	99
SAGRADO CORAZÓN					1	1		2
SALAMANCA	1		3			1		5
SALAZAR GÓMEZ	1	5	5	14	9	5	6	45
SALINAS							1	1
SALITRE					4	5	9	18
SALITRE I SECTOR							1	1
SALITRE IV SECTOR							1	1
SALITRE PLAZA	3	2	4	10	10	4	10	43
SALVADOR ALLENDE						1		1
SAMORE			3	10	9	6	8	36
SAMPER				6	14	13	15	48
SAMPER MENDOZA	4	5	12	19	20	27	19	106
SAN AGUSTIN				1	4			5
SAN AGUSTÍN II SECTOR					2		4	6
SAN AGUSTÍN SUR	2	1	5	1	1	2	6	18
SAN ALEJO							1	1
SAN ANDRES	1	2		2	5	7	7	24
SAN ANDRÉS ALTO						1		1
SAN ANDRÉS BAJO							1	1
SAN ANDRES DE LOS ALTOS						2	2	4
SAN ANDRESITO LA 38	1				1			2
SAN ANDRESITO NORTE						1		1
SAN ANTONIO	10	14	20	40	30	39	32	185
SAN ANTONIO DE ENGATIVA	2	1	2		1		2	8
SAN ANTONIO DE ESCOCIA					1	1		2
SAN ANTONIO MIRADOR					2	2	2	6
SAN ANTONIO NORTE					1	3	3	7
SAN ANTONIO NORTE II SECTOR						1		1
SAN BASILIO	1			2	3		1	7
SAN BENITO		2	5	7	6	5	9	34
SAN BERNARDINO	4	9	5	3	2	5	4	32
SAN BERNARDINO AIX						1	1	2
SAN BERNARDINO II							1	1
SAN BERNARDINO POTRERITOS							1	1
SAN BERNARDO	8	5	4	15	20	15	22	89
SAN BERNARDO (SAN BERNARDINO)					4	1		5
SAN BLAS	2	3	3	8	6	10	7	39
SAN BLAS II						1	1	2
SAN CARLOS					1		1	2
SAN CARLOS PREDIO SAN JOSÉ					9	5	15	29
SAN CARLOS TIBABUYES	2	2	1	1			1	7
SAN CAYETANA NORTE					1	1		2
SAN CAYETANO	2	4	2	7	10	4	8	37
SAN CAYETANO (EL BANCO)							2	2
SAN CRISTOBAL	5	2	8	10	10	13	13	61
SAN CRISTÓBAL	11	20	5	16	23	22	34	131
SAN CRISTÓBAL ALTO					3	1	1	5
SAN CRISTÓBAL NORTE	1		2		1	3	3	10
SAN DIEGO	10	18	25	30	34	36	50	203
SAN DIEGO BOSA	2	2	1	4	3	3		15
SAN DIONISIO				2	2		1	5
SAN EUGENIO					1			1
SAN FASON CIUDADELA RESIDENCIAL							1	1
SAN FASSON				2	2	2	1	7
SAN FELIPE	4	3	13	16	31	20	17	104
SAN FERNANDO	13	11	11	12	20	12	12	91
SAN FERNANDO OCCIDENTAL		6	3	1	1		3	14
SAN FERNANDO SUR		2				1	2	5
SAN FRANCISCO NORTE						1	1	2
SAN FRANCISCO PARTE ALTA							1	1
SAN FRANCISCO SUBA CENTRO		1	3	2			1	7
SAN GABRIEL					2	2		4
SAN GABRIEL NORTE				1			1	2
SAN IGNACIO	1	2	1	3	10	10	12	39
SAN ISIDRO	4	1	5	6	13	8	9	46
SAN ISIDRO SUR				1				1
SAN JACINTO				1			1	2
SAN JOAQUIN		2	3	3	1	5	2	16
SAN JOAQUÍN DEL VATICANO	2			2	1	2	2	9
SAN JORGE	11	7	19	19	17	21	40	134
SAN JORGE - GLORIA GAITÁN				1	8	2	4	15
SAN JORGE CENTRAL	1	1	2	7	7	1	4	23
SAN JOSE	1	1	6	4	6	6	8	32
SAN JOSÉ					4		3	7
SAN JOSE DE BAVARIA	8	6	10	11	10	8	5	58
SAN JOSÉ DE FONTIBÓN					1	1	3	5
SAN JOSÉ DE LAS GRANJAS					1			1
SAN JOSÉ DEL PRADO				3			2	5
SAN JOSÉ II SECTOR A						1	1	2
SAN JOSE ORIENTAL	2	1	1		1	1	3	9
SAN JOSE SPRING	8	6	3	6	7	4	5	39
SAN JOSÉ SUR	3	2	9	15	3	7	18	57
SAN JOSÉ SURORIENTAL						1		1
SAN JUAN BAUTISTA					1		2	3
SAN JUAN DE USME				1	1			2
SAN JUAN I SECTOR			1					1
SAN JUDAS			1					1
SAN JUSTINO							1	1
SAN LUCAS						1		1
SAN LUIS	8	10	20	30	25	23	29	145
SAN LUIS 20 DE JULIO					8	9	6	23
SAN LUIS ALTOS DEL CABO						1		1
SAN LUIS SECTOR ORIENTAL							1	1
SAN LUIS VIA LA CALERA		2	1		3		1	7
SAN MANUEL					1		2	3
SAN MARCOS	3		6	3	6	3	4	25
SAN MARTIN	11	3	9	28	28	15	14	108
SAN MARTÍN					1		1	2
SAN MARTIN DE LOBA	1	1	2	5	2	8	3	22
SAN MARTÍN DE LOBA SUR					2	1	1	4
SAN MARTIN DE PORRES							1	1
SAN MIGUEL	4	4	11	9	10	8	3	49
SAN MIGUEL BAJO				1	1	2		4
SAN NICOLÁS URBANIZACIÓN			2	2	3			7
SAN PABLO	2		1	4	14	14	12	47
SAN PABLO I	2	3	7	2	1	2	2	19
SAN PABLO II	5	6	5	8		2	1	27
SAN PABLO II SECTOR							1	1
SAN PABLO JERICÓ							1	1
SAN PEDRO	8	3		5	13	8	14	51
SAN PEDRO DE TIBABUYES					1		1	2
SAN PEDRO LOS ROBLES	4		7	3	4			18
SAN RAFAEL		1	1				2	4
SAN RAFAEL INDUSTRIAL		1		1	6	6	5	19
SAN RAFAEL SUR					1			1
SAN SEBASTIAN						1		1
SAN VICENTE			1	3	3	4	4	15
SAN VICENTE DE PAÚL					1	1		2
SAN VICENTE FERRER	7	3	10	16	26	26	23	111
SAN VICTORINO	17	14	16	53	44	58	51	253
SANTA ANA					1	1	4	6
SANTA ANA OCCIDENTAL	1	3	2	8	2	3	1	20
SANTA ANA ORIENTAL	6	3	6	6	5	3	6	35
SANTA ANA SUR	4	1		3	6	6	4	24
SANTA ANITA						1		1
SANTA BARBARA	14	20	48	73	45	36	38	274
SANTA BÁRBARA	2	2	7	8	2	2	6	29
SANTA BÁRBARA ALTA I SECTOR	1	3	3					7
SANTA BARBARA CENTRAL	8	14	13	15	38	21	26	135
SANTA BARBARA CENTRAL II Y V SECTOR					1			1
SANTA BARBARA CENTRAL IV SECTOR					1			1
SANTA BARBARA CENTRAL VIII SECTOR					1			1
SANTA BARBARA NORTE	3		2	2		1	2	10
SANTA BEATRIZ			1					1
SANTA BIBIANA	2	6	1	17	8	8	9	51
SANTA CATALINA	1	3	3	8	6	6	6	33
SANTA CATALINA 1 Y 2	6	3	5	5		3		22
SANTA CECILIA	1	1	2	3	8	14	9	38
SANTA CECILIA I	5	3		1	5		1	15
SANTA CECILIA NORTE PARTE ALTA		3	1	2				6
SANTA CECILIA PARTE BAJA					1			1
SANTA ELISA					2		1	3
SANTA FE	28	23	15	31	52	33	38	220
SANTA FE DEL TINTAL	1	2	1					4
SANTA FE I		1	1	1		1		4
SANTA HELENA	1	1	3	3	6	8	2	24
SANTA HELENITA	4	5	11	12	10	14	11	67
SANTA INES	2	2	10	25	38	25	26	128
SANTA ISABEL	9	4	19	17	22	22	18	111
SANTA ISABEL DEL RESTREPO					2	1	1	4
SANTA ISABEL I SECTOR URB.							1	1
SANTA ISABEL OCCIDENTAL				1	5	1	1	8
SANTA ISABEL SUR	1	2		1		2	2	8
SANTA LIBRADA	10	9	11	8	9	14	17	78
SANTA LIBRADA SALAZAR SALAZAR							1	1
SANTA LUCIA	7	2	4	25	15	23	24	100
SANTA LUCIA SUR					1		1	2
SANTA MARIA DEL LAGO	6	8	10	17	11	7	12	71
SANTA MARTA					1			1
SANTA MARTA II SECTOR					1	1	2	4
SANTA MARTHA	2	1	2	6	3	9	5	28
SANTA MATILDE I SECTOR	4	10	17	15	13	10	20	89
SANTA MONICA				5	1		3	9
SANTA RITA		5	2	6	3	4	6	26
SANTA RITA SUR I SECTOR						1		1
SANTA RITA SUR ORIENTAL	1	1	1		1			4
SANTA RITA SUR ORIENTAL II SECTOR							1	1
SANTA ROSA	1	2	5	12	6	7	1	34
SANTA ROSA DE LIMA	2		1	2	1	1		7
SANTA ROSA SUR	1		1	1	1			4
SANTA ROSITA	2	2	5	4	9	4	3	29
SANTA ROSITA CAFAM							1	1
SANTA SOFIA	2	6	3	4	8	7	9	39
SANTA TERESA				1	7	7	10	25
SANTA TERESITA	2	2	7	11	20	28	19	89
SANTA VIVIANA	4	2	9	1	1	3		20
SANTAFÉ III SECTOR						1	1	2
SANTANDER	3	5	12	21	10	10	7	68
SANTANDERCITO						1	2	3
SANTIAGO				1	1			2
SANTIAGO DE LAS ATALAYAS	9	2	6	6	3	5	3	34
SANTIAGO III							1	1
SANTIAGO PÉREZ			2	3	5	3	3	16
SANTO DOMINGO	2	5	2	1	3			13
SATURNO				1				1
SAUCES - HORTALIZAS - RECUERDO			1					1
SAUSALITO					3	3	2	8
SEARS		6	4	5				15
SECTOR COLINAGRO ISMAEL PERDOMO							1	1
SELVA DORADA		1						1
SEMINARIO				3		2		5
SENA							1	1
SERAFINA			6	11	12	7	10	46
SERAFINA II SECTOR					1			1
SERENA					3	2	6	11
SERRANÍAS		2			1	4	1	8
SIBERIA CENTRAL					2	1		3
SIDAUTO		1	1		2		1	5
SIERRA MORENA	10	7	9	12	7	2	10	57
SIERRAS DEL CHICO							1	1
SIMON BOLIVAR	4	7	5	8	10	24	10	68
SINAY	1			2	3		1	7
SOCIEGO	1	2	2	9	10	9	14	47
SOCIEGO NORTE II SECTOR					1			1
SOCIEGO SUR			2	11	8	8	13	42
SOCORRO III SECTOR					1	2	1	4
SOLEDAD NORTE	1		1		3		1	6
SORATAMA	1			1	3	4		9
SOTAVENTO		1	1	1	1	2	3	9
SOTILEZA		1			1	1		3
SUBA CENTRO	5	10	15	21	22	10	35	118
SUBA LINDA					1			1
SUBA URBANO				1	1	1	5	8
SUBATA							1	1
SUCRE			22	49	34	19	29	153
SUMAPAZ						1		1
SURAMERICA			2	2	1	7	5	17
SURAMERICANA						1		1
SURBANA	1	1				2		4
TABERIN				1			1	2
TABORA	2	6	5	6	4	1	2	26
TAGUAY				1				1
TAIRONA	1				1	4		6
TAIRONA COMERCIAL				1				1
TALAVERA							1	1
TANQUES DEL SILENCIO	1							1
TAYRONA					1	1		2
TECHO	6	6	23	21	18	19	30	123
TEJAR DEL ONTARIO			1	1	1	1	1	5
TEJARES DEL NORTE		1		2	2		1	6
TENERIFE		2	4	7	4	5	4	26
TENERIFE II SECTOR						1		1
TEQUENDAMA	2	1	1	2	1	5	5	17
TERMINAL	5	2	4	4	4	2	4	25
TERMINAL MODULO AMARILLO	1			2				3
TERMINAL SATELITE DEL SUR					1		1	2
TERRAZAS DE SAN JORGE					1	1		2
TEUSACA I - II SECTOR					1	1	1	3
TEUSAQUILLO	22	20	42	77	100	107	90	458
TIBABITA	2	2	1	3	2	2	5	17
TIBABUYES	1	1		1	8	3	9	23
TIBABUYES I SECTOR	4	3	8	8				23
TIBABUYES II SECTOR		1	1		2		1	5
TICOSA							1	1
TIERRA GRATA		2	1	1	1			5
TIERRA LINDA						1		1
TIGUAQUE				2		1		3
TIMIZA CÉLULA A LOTE RA-2				1	2	9	12	24
TIMIZA CÉLULA F LOTE RF-2					1	3		4
TIMIZA LOTE RA -1 TONOLI I IV							1	1
TINTAL	13	15	31	32	15	11	25	142
TINTALA		1	2	4	2	5	2	16
TINTALITO				1	11	11	13	36
TINTALITO I	2	8	5	2		1		18
TINTALITO II					1			1
TISQUESUSA					3	4	4	11
TOBERIN ORIENTAL				1	18	19	31	69
TOCAIMITA SUR					1		1	2
TOCAREMA						2	1	3
TONOLI			1	1		1		3
TORCA GÓNGORA					2	3	3	8
TORCOROMA	2			1	3		2	8
TORRECAMPO II		1						1
TORREMOLINOS		2	1	1	1	3	1	9
TORRES BLANCAS				10	3	3	6	22
TORRES DE FENICIA						1		1
TORRES DEL MONTE	1							1
TRES ESQUINAS		2					1	3
TRIANGULO	1						2	3
TRINIDAD GALÁN					1	2		3
TUNA ALTA	4	2	1	1	8	4	1	21
TUNA ALTA SECTOR EL ROSAL					1			1
TUNA BAJA	2	3	1		2	1	2	11
TUNA BAJA III SECTOR						1		1
TUNALITO					20	14	22	56
TUNDAMA		2		5	1	1		9
TUNJUELITO	5	1	10	9	14	31	29	99
TURBAY AYALA		1		1		1		3
TURINGA SUBA	7	2	8	13	5	5	4	44
TURINGIA					7	7	5	19
UNICENTRO	3	12	13	25	21	11	18	103
UNICERROS	1							1
UNIDAD POLIDEPORTIVO KENNEDY				1				1
UNIDAD RESIDENCIAL AYACUCHO			3	2	6	3	1	15
UNIR I						1	1	2
UNIVERSIDAD ANDES		1						1
UNIVERSIDAD JAVERIANA						4		4
UNIVERSIDAD NACIONAL		1	1	4	1	1	1	9
URB AMERICAS RESERV							1	1
URB MIRANDELA					3	5	5	13
URB PARQUE EL PORTAL	1				1			2
URB. 7 DE AGOSTO					3	1	3	7
URB. ACAPULCO			1	1		1		3
URB. ACUARELA	1	2	2	3		1		9
URB. ALAMEDA DE SAN ANTONIO							1	1
URB. ALBACETE							1	1
URB. ALTOS DEL COUNTRY CLUB					1			1
URB. AMÉRICAS OCCIDENTAL I ETAPA	4	3	9	12	1			29
URB. AMÉRICAS OCCIDENTAL II ETAPA	6	4	4	7				21
URB. ANTIGUO HIPÓDROMO DE TECHO	4	1	3	2		1		11
URB. ARBOLETE			1					1
URB. AUTOPISTA DEL SUR	1			3				4
URB. AUTOPISTA NORTE I SECTOR		1	1	2		1		5
URB. AUTOPISTA NORTE II SECTOR		3		5				8
URB. AVENIDA BARRANQUILLA						1	1	2
URB. AYUELOS I ETAPA							1	1
URB. BABILONIA		4	1	1	2	2	7	17
URB. BAHÍA SOLANO						2		2
URB. BARCELONA					1	1		2
URB. BARLOVENTO	3		1	3	1	1		9
URB. BARRANQUILLITA				2	2	2	7	13
URB. BELMIRA	2	4	1	5	5	5	2	24
URB. BETANIA	3	2	1	1	4	4	1	16
URB. BOCHICA					1		1	2
URB. BOCHICA II SECTOR						2		2
URB. BODEGAS DE FONTIBÓN							1	1
URB. BOSQUE DE LA COLINA	7	10	8	25				50
URB. BOSQUE DE MEDINA	1							1
URB. BOSQUE DE PINOS I SECTOR	3							3
URB. BOSQUES DE LA CANDELARIA					1	1		2
URB. BUENOS AIRES II SECTOR						1		1
URB. CALLE 100					2			2
URB. CANODROMO						1	2	3
URB. CAOBOS SALAZAR NORTE						1		1
URB. CAPRI I SECTOR					1	1	1	3
URB. CARABELAS	3	1	1	2	1	1	2	11
URB. CARACAS		1	1	1	2		2	7
URB. CARIMAGUA I SECTOR	3	4	2	3	2	2	5	21
URB. CARLOS ALBAN HOLGUIN	6	3	4	2	2	2	1	20
URB. CARMEN DEL SOL			1					1
URB. CASA LINDA		2	1		2	1	7	13
URB. CASABLANCA	1	3	7	3				14
URB. CASTILLA				1	3	4	3	11
URB. CATALINA					2	1	1	4
URB. CATALINA II SECTOR						1		1
URB. CATALUÑA							1	1
URB. CATANIA						1		1
URB. CEDRITOS		4	1			1	2	8
URB. CEDRO BOLÍVAR II SECTOR		1	4	1				6
URB. CEDRO NARVAEZ	1		1			1	1	4
URB. CENTRO EMPRESARIAL DE LA SABANA						2		2
URB. CENTRO INDUSTRIAL				3	2		6	11
URB. CENTRO NARIÑO					2	7	4	13
URB. CERROS DE ORIENTE II SECTOR							1	1
URB. CERROS DE SANTA ANA					1	1		2
URB. CHICO ALTO	7	6	3	11				27
URB. CHICO CHICO					1			1
URB. CHICO NORTE				1	2			3
URB. CHUCUA III SECTOR							2	2
URB. CIUDAD DE KENNEDY ORIENTAL					1		1	2
URB. CIUDAD DE TECHO						1		1
URB. CIUDAD KENNEDY SPMZ 12						1		1
URB. CIUDAD TECHO II					2	1	2	5
URB. CIUDADELA CAFAM					1		1	2
URB. CLARELANDIA DEL SUR	1		1	1	1		1	5
URB. CLARET EL CARMEN	7	4	8	9	10	18	8	64
URB. COLON	3	2	1	4	1	3		14
URB. COMPARTIR	11	10	7	8	7	8	10	61
URB. CONTADOR							1	1
URB. CÓRDOBA	2	2	2					6
URB. COSTA AZUL I Y II ETAPA	9	3	5	7	4	3	8	39
URB. COSTA BELLA							1	1
URB. DANUBIO		2						2
URB. DE FONTIBÓN						1		1
URB. DOÑA LILIANA	1	1						2
URB. EL ALMENAR	1	1	2	1		1	3	9
URB. EL BATAM II SECTOR							1	1
URB. EL BATAN	6	6	8	11	6	7	5	49
URB. EL CARMELO FAVIDI		1			1			2
URB. EL CASTILLO		1	1	2				4
URB. EL CEDRO	2	1	1	3				7
URB. EL CEDRO BOLÍVAR					1			1
URB. EL CHICO					1	1		2
URB. EL CLARET						1		1
URB. EL CONTADOR						1		1
URB. EL ESTORIL	1		1	5	3	3	2	15
URB. EL LAGUITO					2			2
URB. EL LIMONAR				1				1
URB. EL PASEITO SECTORES I Y III						1		1
URB. EL PEÑÓN DEL CORTIJO	1	1	2	2		2	2	10
URB. EL PINAR DE SUBA II SECTOR					1			1
URB. EL PÓRTICO			1	1				2
URB. EL PRECISO			1			1		2
URB. EL RECREO DE LOS FRAYLES				1	2	1		4
URB. EL RECREO DE USAQUÉN					1	1		2
URB. EL REDIL II ETAPA		2		2		1	3	8
URB. EL REMANSO	2	2	2	5	5	7	5	28
URB. EL RETIRO						1	1	2
URB. EL SOCIEGO						1		1
URB. EL SOL		1	1	2	1		1	6
URB. EL SOLAR I	1	1	2					4
URB. EL TUNAL	10	10	39	47	2	3	2	113
URB. EL VIRREY	7	5	9	4	2	8	5	40
URB. ELCEDRO MADEIRA	1		1					2
URB. ELTEJAR	4	2	9	13	14	7	5	54
URB. FRANCISCO JOSÉ DE CALDAS							1	1
URB. FUCHA SEVILLA SUR	1			3	2	2		8
URB. FUCHA Y SOCIEGO					2		1	3
URB. FUENTE DEL DORADO						1		1
URB. GALICIA	4		2	4	1	4	4	19
URB. GILMAR II		1				1		2
URB. GRANJAS DE SAN PABLO	1	1	4	1	1	8	6	22
URB. GUACAMAYAS							1	1
URB. HORACIO ORJUELA						2	1	3
URB. HUMBERTO VALENCIA	2	2	1			1		6
URB. INDUSTRIAL PENSILVANIA	1	3	2	14	10	7	16	53
URB. INDUSTRIAL PUENTE ARANDA					5	4	4	13
URB. ISLANDIA							1	1
URB. ISMAEL PERDOMO	5	1	1	2		1		10
URB. LA ALBORADA		1			1			2
URB. LA ALEJANDRA			2					2
URB. LA ALQUERÍA	7	6	14	25	14	12	14	92
URB. LA ASUNCIÓN	3		1	6	2	4	5	21
URB. LA CAMPIÑA I SECTOR	12	5	7	13	1	2	2	42
URB. LA CAROLINA					1			1
URB. LA CASTELLANA					1		1	2
URB. LA CHUCUA	4	2	2	3	6	6	1	24
URB. LA CHUCUA II SECTOR						1		1
URB. LA COFRADÍA					1			1
URB. LA COLINA CAMPESTRE I SECTOR	13	16	11	10	14	6	11	81
URB. LA COLINA CAMPESTRE II SECTOR					1			1
URB. LA COLINA CAMPESTRE III SECTOR						1		1
URB. LA COLONIA ORIENTAL					1			1
URB. LA CORUÑA	3	2	5	4	3	7	5	29
URB. LA ESTACIÓN					1			1
URB. LA ESTACIÓN DE LA SABANA						1		1
URB. LA FONTANA	9	4	8	9		1	3	34
URB. LA FRAGUITA					2		3	5
URB. LA GAITANA					1			1
URB. LA GUACA	1			6	1	1	1	10
URB. LA MANUELITA II SECTOR	1	3	2	1				7
URB. LA MERCED SUR					1			1
URB. LA MILAGROSA					1			1
URB. LA NAVETA			1	1	1			3
URB. LA PALMA	2	1	2	1	1	3		10
URB. LA PALMA I					1			1
URB. LA PEPITA NORTE					1			1
URB. LA PRIMAVERA					1		1	2
URB. LA PUERTA DEL SOL	1				1	2	2	6
URB. LA SABANA DE TIBABUYES	5	2	1	3		4	3	18
URB. LA SOLEDAD					1		1	2
URB. LA SONORA		1	1					2
URB. LA TRINITARIA	1	1	2	2	4	1	1	12
URB. LAGO TIMIZA I ETAPA	3	3	5	7	4	2	2	26
URB. LAGOS DE CÓRDOBA	1	1		1		2		5
URB. LAGUNETA		2	4	3	2	1	2	14
URB. LAS COLINAS DE PRADO	1			2				3
URB. LAS LOMAS	3	3	7	15	9	13	10	60
URB. LAS QUINTAS						1		1
URB. LAS QUINTAS DEL SUR		1	3	1	1	3	3	12
URB. LOS ÁNGELES	1		1					2
URB. LOS CEDRITOS							1	1
URB. LOS COMUNEROS	2			4	2	1	2	11
URB. LOS EJIDOS					1	3	4	8
URB. LOS HEROES	4		2	7	5		1	19
URB. LOS MOLINOS	1		2	2		1	4	10
URB. LOS NOGALES DE TIBABUYES	1	2	1					4
URB. LUCERNA	1		4	2	1			8
URB. MADELENA I Y II SECTOR	4	8	12	10	8	14	15	71
URB. MADELENA III Y IV SECTOR					1			1
URB. MALIBU	1	1						2
URB. MANUELA BELTRÁN	1	2	3	1		1		8
URB. MARANTA I - II - III SECTOR							1	1
URB. MARRUECOS		1	3	5	8	10	7	34
URB. MARSELLA	10	12	23	26	24	20	31	146
URB. MAZUREN I SECTOR	20	10	8	19	12	21	25	115
URB. MIRANDELA	5	3	8	6	11	12	13	58
URB. MIRAVALLE			1	1		2		4
URB. MODELIA					1			1
URB. MONTEARROYO				1				1
URB. MONTERREY					1			1
URB. MONTES I SECTOR	4	9	5	8	7	6	4	43
URB. MONTES II SECTOR	2				1		1	4
URB. MULTIFAMILIARES CARIMAGUA						1		1
URB. NARIÑO							1	1
URB. NUEVA AUTOPISTA					4	7	5	16
URB. NUEVA MARSELLA I SECTOR	3	7	5	5	4	12	5	41
URB. NUEVA ROMA ULTIMA ETAPA	1	1		1				3
URB. NUEVA ZELANDIA	3	8	4	9	2	2	5	33
URB. NUEVO COUNTRY I SECTOR		2	1	5		1		9
URB. OASIS DE SAN JORGE						2	1	3
URB. ORTEZAL				2	3	1		6
URB. PADUA						1		1
URB. PALENQUE		8	2	7	8	8	17	50
URB. PARQUE COMERCIAL BIMA					1	1		2
URB. PASADENA	16	7	6	11	8	4	6	58
URB. PASTRANA			1				1	2
URB. PATIO BONITO II SECTOR	2	3	2		1	2	1	11
URB. PAULO VI. I Y II ETAPA					1	1		2
URB. PINAR DEL RÍO					1			1
URB. PINOS DE LOMBARDIA					4	2	2	8
URB. PONTEVEDRA I SECTOR	10	7	4	7	4	3	12	47
URB. PONTEVEDRA II SECTOR					1			1
URB. PORTAL DE LA FONTANA						1		1
URB. PORTAL DEL MOCHUELO							1	1
URB. PUENTE ARANDA	12	13	30	20	11	17	10	113
URB. PUNTO 170						1		1
URB. QUIROGA I, II Y III ETAPA	4	8	11	35	1	2		61
URB. QUIROGA IHS ETAPA	2	4	2	4				12
URB. QUIROGA IV, V Y VI ETAPA	2		4	5				11
URB. QUMRAN CONDOMINIO	1							1
URB. RINCÓN DEL PUENTE				1				1
URB. RINCONCITO	38	20	24	43	2	2	13	142
URB. RÍO BAMBA	2	1						3
URB. RIONEGRO				1	5	4	7	17
URB. ROMERO CONTI							2	2
URB. ROSALEDA  S.A.P.						1		1
URB. SAN CARLOS	4	4	12	13	9	20	6	68
URB. SAN CARLOS NORTE						1		1
URB. SAN CIPRIANO	11	9	2	8	3	3	4	40
URB. SAN DIEGO				1				1
URB. SAN EUSEBIO		1	1	1	2	5	1	11
URB. SAN FELIPE						1		1
URB. SAN FRANCISCO	16	10	25	37	25	26	36	175
URB. SAN GABRIEL	1				1	3		5
URB. SAN JORGE	1		3	2				6
URB. SAN LUIS					2	1		3
URB. SAN MIGUEL							1	1
URB. SAN PABLO						1		1
URB. SAN PATRICIO	4	6	8	11	15	12	8	64
URB. SAN PEDRO	7	3	1	7				18
URB. SAN RAFAEL NORTE I						1		1
URB. SAN RAFAEL OBRERO	1	2	2	3			1	9
URB. SANTA ANA						1	2	3
URB. SANTA ANA NORTE					1	2		3
URB. SANTA CATALINA						1		1
URB. SANTA FEREÑA					4	3	3	10
URB. SANTA MARGARITA		1	1	1	2	1	3	9
URB. SANTA PAULA	1	4	4	3	3	1	1	17
URB. SANTA RITA I SECTOR	2	6	6	7	6	8	7	42
URB. SANTA RITA II SECTOR					1	1	1	3
URB. SANTA SOFÍA SUR				1		1		2
URB. SANTANDER	2	1	4	5	1	8	12	33
URB. SOCIEGO NORTE							1	1
URB. SULTANA				1				1
URB. SUR DE TEUSAQUILLO					2			2
URB. TECHO					1			1
URB. TEJARES DEL NORTE V						1		1
URB. TEUSA				1				1
URB. TIBANA	3	1	1	2	1	1	1	10
URB. TIERRA LINDA	3	5	5	11	5	10	8	47
URB. TIMIZA	8	6	14	24	1	10	14	77
URB. TOBERIN	18	8	15	33	11	6	6	97
URB. TUNAL CENTRAL						1		1
URB. UNIR I					1	1	1	3
URB. URBANA QUIROGA					5	5	6	16
URB. VALLADOLI						1		1
URB. VERAGUAS	2	3	4	4	3	2	2	20
URB. VILLA ADRIANA						1		1
URB. VILLA ALSACIA					1	4		5
URB. VILLA CRISTINA ETAPA III					1			1
URB. VILLA DEL RÍO					6	8	3	17
URB. VILLA ELISA					3		2	5
URB. VILLA GALANTE					1			1
URB. VILLA INÉS						1	1	2
URB. VILLA MARÍA I Y II SECTOR					1			1
URB. VILLA SONIA	3		4	3	2	7	1	20
URB. VILLAS DE ANDALUCÍA							1	1
URB. VILLAS DEL MEDITERRÁNEO	2	3	1	4	3		2	15
URB. VILLEMAR						1		1
URB. VIRREY SOLÍS					1		1	2
URB. VISION DE COLOMBIA						3	1	4
URB. VISION DE ORIENTE						1		1
URB. ZARAZOTA 1	1		2				1	4
URB. ZONA INDUSTRIAL	1	4	1	1	1	1	1	10
USATAMA	2	3	1	1	3	1	4	15
USMINIA DESARROLLO	1			1		1	3	6
VALBANERA	4	2	9	2	6	3	6	32
VALENCIA LA CHUCUA						1		1
VALLADOLID	4		6	5	1	4	2	22
VALLE DE CAFAM II SECTOR	1	3						4
VALLES DE CAFAN			1		2	1	5	9
VALPARAISO	1							1
VARGAS VILA						1		1
VEGAS DE SANTA ANA					1	1		2
VEGAS DE SANTANA						1	1	2
VEINTE DE JULIO	15	9	23	53	38	43	96	277
VELODROMO	2		1	8	11	6	3	31
VENECIA	16	13	24	23	35	41	38	190
VENEZUELA				1			1	2
VERACRUZ	5	11	8	32	27	25	26	134
VERAGUAS			3		3	3	9	18
VERAGUAS CENTRAL IV SECTOR					1		3	4
VERBENAL				3	21	14	26	64
VERBENAL I	5	9	11	23		1	1	50
VEREDA CASABLANCA SUBA						1		1
VEREDA CHORRILLOS				1	2			3
VEREDA EL MOCHUELO ALTO			2					2
VEREDA EL OLARTE		1					1	2
VEREDA MONSERRATE	4			1	1		2	8
VEREDA SAN JOSE	3	2	3	4	2	1	2	17
VEREDA SUBA CERROS						1		1
VEREDA TORCA			2	2			1	5
VERGEL		2	1	4	2	4	1	14
VERONA	1				1	1	1	4
VERSALLES	4	1	6	13	12	16	8	60
VIA CHOACHI		1		1		1		3
VIANEY					1	1		2
VICTORIA					1	1	1	3
VICTORIA II SECTOR					3	1		4
VILLA ADRIANA	3		1	3		1	1	9
VILLA ALBANIA							2	2
VILLA ALEGRE						1		1
VILLA ALEJANDRÍA				1				1
VILLA ALEMANIA						2	2	4
VILLA ALEXANDRA							1	1
VILLA ALICIA						1		1
VILLA ALSACIA	6	4	17	11	9	10	9	66
VILLA ALSACIA SECTOR A					3	1	1	5
VILLA AMALIA	2		3	1	5	4	2	17
VILLA ANDINA				1			1	2
VILLA ANDREA		1			2		1	4
VILLA ANITA	1		2				1	4
VILLA ANITA SUR					1		1	2
VILLA ANITA USME			1	1				2
VILLA ANNY	2	1	2	1			1	7
VILLA BEATRIZ					1			1
VILLA BLANCA						1		1
VILLA CARMENZA			1	1		1	1	4
VILLA CAROLINA			2			1		3
VILLA CASTILLA					1	1		2
VILLA CATALINA I-II		4			1			5
VILLA CATALINA III SECTOR		1						1
VILLA CINDY	1		1	2		2	2	8
VILLA CLAUDIA	5	6	4	6	2	5	8	36
VILLA CLAVER						1		1
VILLA CLEMENCIA	2		1	1				4
VILLA CLEMENCIA SECTOR TIERRA GRATA					1			1
VILLA CONSTANZA	1				1			2
VILLA CRISTINA					1		1	2
VILLA DE LA LOMA	1	2	1	1	1		7	13
VILLA DE LA TORRE					1	1	2	4
VILLA DE LOS ALPES	1		1	7	4	11	11	35
VILLA DE LOS COMUNEROS							1	1
VILLA DE LOS SAUCES	1	2	2		2	3		10
VILLA DE ZARZAMORA	1							1
VILLA DEL CAMPO						2		2
VILLA DEL CERRO	1							1
VILLA DEL MAR	1	1		1			1	4
VILLA DEL PRADO	12	9	17	25	24	13	20	120
VILLA DEL PRADO NVA	1	1		1	1		1	5
VILLA DEL PROGRESO	1	2						3
VILLA DEL RINCON	1				8	9	9	27
VILLA DEL RIO	8	8	12	6	8	6	16	64
VILLA DEL ROSARIO	1		1	2	5	1	2	12
VILLA DEL SOL						2		2
VILLA DIANA				1			1	2
VILLA DIANA LÓPEZ					1			1
VILLA ELISA	11	6	4	8	6	4	8	47
VILLA EMMA	1				2		3	6
VILLA GLADIS	2	4	4	2	3	3	5	23
VILLA GLADYS	1		1	1	1		1	5
VILLA GLADYS IV SECTOR						1		1
VILLA GLORIA	1	2		1	2	3	4	13
VILLA GLORIA I					1	2	1	4
VILLA HERMOSA		1	4	2	4	2	3	16
VILLA ISABEL		2						2
VILLA ISRAEL						1		1
VILLA JACQUI							1	1
VILLA JAVIER	3		1	2	5	5	2	18
VILLA JUANITA	1		1	1				3
VILLA LATORRE	1	1				1	1	4
VILLA LILIANA						2		2
VILLA LUZ	12	6	10	14	14	7	8	71
VILLA MAGDALA	3	5	1	7	2		3	21
VILLA MARIA I	5	2	5	9	6	7	8	42
VILLA MARIA II	2	1	1	2	1	1		8
VILLA MAYOR	7	8	19	26	38	24	25	147
VILLA MAYOR LA NUEVA			1		1	3	1	6
VILLA MENDOZA					2			2
VILLA NELLY	3	3	2	1	4	8	10	31
VILLA NELLY III LOS ALISOS						1		1
VILLA NOHORA	3	2	1					6
VILLA NUEVA	3	1	1		1	2	1	9
VILLA NYDIA	2		3	8	1			14
VILLA RICA		1				1		2
VILLA ROSITA							2	2
VILLA SAGRARIO				1				1
VILLA SONIA	1	1	1	2	1			6
VILLA SONIA II SECTOR							1	1
VILLA SUAITA		1	1				3	5
VILLA SUSANA	1							1
VILLA TERESITA					4		1	5
VILLA XIMENA					1		2	3
VILLA ZARZAMORA							1	1
VILLAS DE ALCALÁ				1	1			2
VILLAS DE ARANJUEZ		1	2	2	3	3	2	13
VILLAS DE BOLÍVAR					1		2	3
VILLAS DE GRANADA	12	4	22	16	20	14	26	114
VILLAS DE KENNEDY					1			1
VILLAS DE SAN JOAQUÍN					1			1
VILLAS DE VIZCAYA			1					1
VILLAS DEL DORADO	3	2	5	2	1	3	4	20
VILLAS DEL MADRIGAL	2	2	4	5	2	1	1	17
VILLAS DEL PROGRESO		1				1		2
VILLAS DEL RINCÓN					3	2	1	6
VILLAS EL DIAMANTE	1		1			1		3
VILLEMAR	2	4	12	6	2	4	11	41
VILLEMAR CENTRAL							2	2
VISION DE COLOMBIA	1	2	4	3	2	3	2	17
VISTA BELLA				1			1	2
VISTA HERMOSA	6	6	9	4	3	2	6	36
VISTA HERMOSA SECTOR EL CAPRI	1	1					1	3
VISTA HERMOSA SECTOR EL ESPINAL					1	1		2
VITELMA	3	2	4	4	1	1	2	17
VIZCAYA	1							1
VOTO NACIONAL	3	3	4	17	27	31	17	102
YOMASA NORTE	7	6	8	10	6	4		41
YOMASITA					1	1	1	3
ZARZAMORA	5	2	8	1	5	2	3	26
ZONA IND. LAS GRANJAS	1				1			2
ZONA INDUSTRIAL		1	6	3	2	2		14
ZONA INDUSTRIAL EL DORADO							1	1
ZONA INDUSTRIAL LA GRANJA	1				1		5	7
ZONA INDUSTRIAL LAS GRANJAS					2	3	4	9
ZONA INDUSTRIAL MONTEVIDEO	9	1	1	1	3	3	1	19